ou,value,dx_name,pe_name,ou_name
XG0hzB6FVrw,5,GF_Number of Clients Screened and Tested for HIV  (Rat) - OPD,2025-10-10,an Eldorado Multispecialist Hospital
MUumX5cjk9g,5,GF_Number of AGYW counseled tested and received result- Community,2025-10-02,an Umunze Immaculate Heart Hospital
TNwOSX6UfCW,12,GF_Number of Clients Screened and Tested for HIV  (Rat) - OPD,2025-10-10,an Umudeze Primary Health Centre
ZSSbDRTZ6CX,1,GF_Number of Clients Screened and Tested for HIV  (Rat) - OPD,2025-10-10,an St. Patricks Hospital and Maternity
qs0jtVhDtUn,1,GF_Number of Pregnant Women Who Received HIV Testing Services (Hts) And Received Their Test Results - ANC,2025-10-03,an Our Lady's of Fatima Woliwo Health Post
TaFHmyxBqR7,14,GF_Number of Clients Screened and Tested for HIV  (Rat) - OPD,2025-10-03,an Awka-Etiti II Primary Health Centre
rXXrT05BUkb,1,GF_Number of Pregnant Women Who Received HIV Testing Services (Hts) And Received Their Test Results - ANC,2025-10-10,an Igbuala H/Post Ifitedunu 2
yjxtvOYtp5A,48,GF_Number of AGYW counseled tested and received result- Community,2025-10-10,an Ukpor General Hospital
PBEQJpsapZw,7,GF_Number of Clients Screened and Tested for HIV  (Rat) - OPD,2025-10-09,an Otolo Umuenem Primary Health Centre
IEKVnEePZLN,1,GF_Number of Clients tested HIV Positive (From Rat) - OPD,2025-10-07,an Iyi-Enu Hospital
PBEQJpsapZw,6,GF_Number of Clients Screened and Tested for HIV  (Rat) - OPD,2025-10-07,an Otolo Umuenem Primary Health Centre
PBEQJpsapZw,5,GF_Number of Clients Screened and Tested for HIV  (Rat) - OPD,2025-10-08,an Otolo Umuenem Primary Health Centre
PBEQJpsapZw,4,GF_Number of Clients Screened and Tested for HIV  (Rat) - OPD,2025-10-02,an Otolo Umuenem Primary Health Centre
MUumX5cjk9g,40,GF_Number of AGYW counseled tested and received result- Community,2025-10-09,an Umunze Immaculate Heart Hospital
PBEQJpsapZw,2,GF_Number of Clients Screened and Tested for HIV  (Rat) - OPD,2025-10-01,an Otolo Umuenem Primary Health Centre
PBEQJpsapZw,3,GF_Number of Clients Screened and Tested for HIV  (Rat) - OPD,2025-10-03,an Otolo Umuenem Primary Health Centre
MUumX5cjk9g,15,GF_Number of AGYW counseled tested and received result- Community,2025-10-08,an Umunze Immaculate Heart Hospital
xallQX8HUeS,1,GF_Number of Individuals Who Received HIV Testing Services (HTS) And Received Their Test Results - Blood Bank,2025-10-03,an Maranatha Caring Mission Hospital
xdRG6eDxhaR,4,GF_Number of Pregnant Women Who Received HIV Testing Services (Hts) And Received Their Test Results - ANC,2025-10-09,an Chidubem Hospital and Maternity Okpuno Awka
qs0jtVhDtUn,2,GF_Number of Pregnant Women Who Received HIV Testing Services (Hts) And Received Their Test Results - ANC,2025-10-10,an Our Lady's of Fatima Woliwo Health Post
fzYRxCwtQf2,2,GF_Number of Pregnant Women Who Received HIV Testing Services (Hts) And Received Their Test Results - ANC,2025-10-03,an Akamili Primary Health Clinic
yjxtvOYtp5A,28,GF_Number of AGYW counseled tested and received result- Community,2025-10-08,an Ukpor General Hospital
XG0hzB6FVrw,1,GF_Number of Clients Screened and Tested for HIV  (Rat) - OPD,2025-10-01,an Eldorado Multispecialist Hospital
ENi2yTYsiwn,11,GF_Number of Clients Screened and Tested for HIV  (Rat) - OPD,2025-10-10,an Holy Spirit Primary Health Centre
oZWwkGsF8WV,1,GF_Number of Pregnant Women Who Received HIV Testing Services (Hts) And Received Their Test Results - ANC,2025-10-03,an Ifitedunu General Hospital
yjxtvOYtp5A,25,GF_Number of AGYW counseled tested and received result- Community,2025-10-09,an Ukpor General Hospital
XG0hzB6FVrw,2,GF_Number of Clients Screened and Tested for HIV  (Rat) - OPD,2025-10-03,an Eldorado Multispecialist Hospital
w0fWsRSt3DY,6,GF_Number of Clients Screened and Tested for HIV  (Rat) - OPD,2025-10-03,an Trinity Favour Room and Maternity
w0fWsRSt3DY,6,GF_Number of Clients Screened and Tested for HIV  (Rat) - OPD,2025-10-02,an Trinity Favour Room and Maternity
PBEQJpsapZw,1,GF_Number of Clients Screened and Tested for HIV  (Rat) - OPD,2025-10-10,an Otolo Umuenem Primary Health Centre
Jzpyxz1Cydy,5,GF_Number of Pregnant Women Who Received HIV Testing Services (Hts) And Received Their Test Results - ANC,2025-10-09,an Obinwane Hospital and Maternity
akw2O5cpDNP,1,GF_Number of Clients tested HIV Positive (From Rat) - OPD,2025-10-03,an Okpuno Primary Health Centre
XG0hzB6FVrw,1,GF_Number of Clients Screened and Tested for HIV  (Rat) - OPD,2025-10-02,an Eldorado Multispecialist Hospital
SvyAYrQ8Muc,3,GF_Number of Clients Screened and Tested for HIV  (Rat) - OPD,2025-10-10,an Umudiala Primary Health Centre
RYgaEEnYq9o,1,GF_Number of Pregnant Women Who Received HIV Testing Services (Hts) And Received Their Test Results - ANC,2025-10-01,an Ozubulu Referral Health Centre
NeOAkzqDQr1,3,GF_Number of Clients Screened and Tested for HIV  (Rat) - OPD,2025-10-03,an Ozzuh Primary Health Centre
RYgaEEnYq9o,1,GF_Number of Pregnant Women Who Received HIV Testing Services (Hts) And Received Their Test Results - ANC,2025-10-02,an Ozubulu Referral Health Centre
w0fWsRSt3DY,5,GF_Number of Clients Screened and Tested for HIV  (Rat) - OPD,2025-10-09,an Trinity Favour Room and Maternity
XG0hzB6FVrw,2,GF_Number of Clients Screened and Tested for HIV  (Rat) - OPD,2025-10-07,an Eldorado Multispecialist Hospital
IA64rosyhK1,19,GF_Number of Clients Screened and Tested for HIV  (Rat) - OPD,2025-10-10,an Enugu Ukwu General Hospital
msvy1BMNG4T,1,GF_Number of Clients tested HIV Positive (From Rat) - OPD,2025-10-03,an Ula Ekwulobia Primary Health Centre
w0fWsRSt3DY,7,GF_Number of Clients Screened and Tested for HIV  (Rat) - OPD,2025-10-06,an Trinity Favour Room and Maternity
w0fWsRSt3DY,5,GF_Number of Clients Screened and Tested for HIV  (Rat) - OPD,2025-10-08,an Trinity Favour Room and Maternity
H2vA8qHohf5,1,GF_Number of Pregnant Women Who Received HIV Testing Services (Hts) And Received Their Test Results - ANC,2025-10-10,an Ogbunka Primary Health Centre
P9qUQA6KmAs,2,GF_Number of Clients tested HIV Positive (From Rat) - OPD,2025-10-01,an Holy Rosary Hospital
XG0hzB6FVrw,4,GF_Number of Clients Screened and Tested for HIV  (Rat) - OPD,2025-10-09,an Eldorado Multispecialist Hospital
XG0hzB6FVrw,4,GF_Number of Clients Screened and Tested for HIV  (Rat) - OPD,2025-10-08,an Eldorado Multispecialist Hospital
w0fWsRSt3DY,7,GF_Number of Clients Screened and Tested for HIV  (Rat) - OPD,2025-10-07,an Trinity Favour Room and Maternity
hLbLWbrsyjK,6,GF_Number of Clients Screened and Tested for HIV  (Rat) - OPD,2025-10-10,an Uboma Primary Health Centre
HgxxN5GZv8Y,118,GF_Number of Individuals Who Received HIV Testing Services (HTS) And Received Their Test Results - Blood Bank,2025-10-10,"an Rex Inversorium Hospital, Mmiata (Referral Health center Oroma-Etiti)"
q9iZUe3cVCu,2,GF_Number of Pregnant Women Who Received HIV Testing Services (Hts) And Received Their Test Results - ANC,2025-10-09,an Orafite General Hospital
XG0hzB6FVrw,3,GF_Number of Clients Screened and Tested for HIV  (Rat) - OPD,2025-10-06,an Eldorado Multispecialist Hospital
q9iZUe3cVCu,3,GF_Number of Pregnant Women Who Received HIV Testing Services (Hts) And Received Their Test Results - ANC,2025-10-08,an Orafite General Hospital
HgxxN5GZv8Y,10,GF_Number of Clients Screened and Tested for HIV  (Rat) - OPD,2025-10-09,"an Rex Inversorium Hospital, Mmiata (Referral Health center Oroma-Etiti)"
mQpnj5bT6HS,4,GF_Number of Clients Screened and Tested for HIV  (Rat) - OPD,2025-10-10,an Christ Church Primary Health Center
OKPZ7SmaYwP,2,GF_Number of Individuals Who Received HIV Testing Services (HTS) And Received Their Test Results - Blood Bank,2025-10-03,an Immaculate Heart Hospital (Nkpor)
eJfBtjef8cQ,2,GF_Number of Pregnant Women Who Received HIV Testing Services (Hts) And Received Their Test Results - ANC,2025-10-01,an Basic Health Centre Onitsha
msr1TOXqZKf,8,GF_Number of Pregnant Women Who Received HIV Testing Services (Hts) And Received Their Test Results - ANC,2025-10-08,an St Charles Borromeo Hospital
kIt9h1ZjQfF,1,GF_Number of Pregnant Women Who Received HIV Testing Services (Hts) And Received Their Test Results - ANC,2025-10-07,an Amansea Primary Health Centre
w0fWsRSt3DY,5,GF_Number of Clients Screened and Tested for HIV  (Rat) - OPD,2025-10-10,an Trinity Favour Room and Maternity
Cj3rwgMDm7q,10,GF_Number of AGYW counseled tested and received result- Walk-In,2025-10-06,an Umuawah Health Post
JOocbzN2dq7,2,GF_Number of Clients tested HIV Positive (From Rat) - OPD,2025-10-06,an Umuokpu Primary Health Centre
wM3b4l8Oesq,1,GF_Number of People Tested HIV Positive & Received Results - CT,2025-10-07,an Onitsha General Hospital
uYnfVI0bkyf,7,GF_Number of Individuals Who Received HIV Testing Services (Hts) And Received Their Test Results - CT,2025-10-09,an Nkpor Crown Hospital and Maternity
msr1TOXqZKf,3,GF_Number of Pregnant Women Who Received HIV Testing Services (Hts) And Received Their Test Results - ANC,2025-10-06,an St Charles Borromeo Hospital
P9qUQA6KmAs,2,GF_Number of Clients tested HIV Positive (From Rat) - OPD,2025-10-02,an Holy Rosary Hospital
xknfQ0UuSCR,1,GF_Number of Clients tested HIV Positive (From Rat) - OPD,2025-10-08,an Umuchu Visitation Hospital
msr1TOXqZKf,2,GF_Number of Pregnant Women Who Received HIV Testing Services (Hts) And Received Their Test Results - ANC,2025-10-02,an St Charles Borromeo Hospital
Sya1xqHhCCO,2,GF_Number of Pregnant Women Who Received HIV Testing Services (Hts) And Received Their Test Results - ANC,2025-10-07,an Our Lady of Lourdes Hospital
ulyCfZ5PUNZ,1,GF_Number of Pregnant Women Who Received HIV Testing Services (Hts) And Received Their Test Results - ANC,2025-10-10,an Achalla Primary Health Centre
ySBhaLN97hO,2,GF_Number of Clients Screened and Tested for HIV  (Rat) - OPD,2025-10-03,an St. Raphael Hospital Nkwelle Ezunaka
oZWwkGsF8WV,1,GF_Number of Pregnant Women Who Received HIV Testing Services (Hts) And Received Their Test Results - ANC,2025-10-10,an Ifitedunu General Hospital
OKPZ7SmaYwP,4,GF_Number of Individuals Who Received HIV Testing Services (HTS) And Received Their Test Results - Blood Bank,2025-10-01,an Immaculate Heart Hospital (Nkpor)
kdE66nb6IOn,8,GF_Number of Clients Screened and Tested for HIV  (Rat) - OPD,2025-10-09,an Mary Elm Missions Hospital
P9qUQA6KmAs,42,GF_Number of AGYW counseled tested and received result- Community,2025-10-10,an Holy Rosary Hospital
HqwDi1gXzB7,1,GF_Number of Pregnant Women Who Received HIV Testing Services (Hts) And Received Their Test Results - ANC,2025-10-10,an Awba Offemmili Primary Health Centre
DasDyIPK8jQ,100,GF_Number of AGYW counseled tested and received result- Community,2025-10-10,an Umuezeanam 2 Primary Health Centre
OKPZ7SmaYwP,8,GF_Number of Individuals Who Received HIV Testing Services (HTS) And Received Their Test Results - Blood Bank,2025-10-09,an Immaculate Heart Hospital (Nkpor)
uYnfVI0bkyf,5,GF_Number of Individuals Who Received HIV Testing Services (Hts) And Received Their Test Results - CT,2025-10-03,an Nkpor Crown Hospital and Maternity
uYnfVI0bkyf,11,GF_Number of Individuals Who Received HIV Testing Services (Hts) And Received Their Test Results - CT,2025-10-07,an Nkpor Crown Hospital and Maternity
kIt9h1ZjQfF,1,GF_Number of Pregnant Women Who Received HIV Testing Services (Hts) And Received Their Test Results - ANC,2025-10-10,an Amansea Primary Health Centre
kdE66nb6IOn,13,GF_Number of Clients Screened and Tested for HIV  (Rat) - OPD,2025-10-03,an Mary Elm Missions Hospital
mQpnj5bT6HS,3,GF_Number of Clients Screened and Tested for HIV  (Rat) - OPD,2025-10-03,an Christ Church Primary Health Center
OKPZ7SmaYwP,2,GF_Number of Individuals Who Received HIV Testing Services (HTS) And Received Their Test Results - Blood Bank,2025-10-07,an Immaculate Heart Hospital (Nkpor)
DVOVgZ4doAK,13,GF_Number of Clients Screened and Tested for HIV  (Rat) - OPD,2025-10-01,an Ojotu Uno Primary Health Centre
PvDpVr5oSIP,3,GF_Number of Pregnant Women Who Received HIV Testing Services (Hts) And Received Their Test Results - ANC,2025-10-03,an Igbedor Primary Health Centre
MUumX5cjk9g,1,GF_Number of Individuals Who Received HIV Testing Services (Hts) And Received Their Test Results - TB,2025-10-02,an Umunze Immaculate Heart Hospital
p7CKerD8kRp,1,GF_Number of Clients Screened and Tested for HIV  (Rat) - OPD,2025-10-08,an Oba Comprehensive Health Centre (Trauma Centre)
xknfQ0UuSCR,9,GF_Number of Individuals Who Received HIV Testing Services (HTS) and Received Their Test Results - Other PITC,2025-10-08,an Umuchu Visitation Hospital
y4dTAIa0QOQ,11,GF_Number of Clients Screened and Tested for HIV  (Rat) - OPD,2025-10-10,an Umudara Primary Health Centre
AWDjfiWSCBU,3,GF_Number of Clients Screened and Tested for HIV  (Rat) - OPD,2025-10-10,an Orifite Referral Health Centre
ZSSbDRTZ6CX,4,GF_Number of Clients Screened and Tested for HIV  (Rat) - OPD,2025-10-02,an St. Patricks Hospital and Maternity
IEKVnEePZLN,2,GF_Number of Individuals Who Received HIV Testing Services (HTS) and Received Their Test Results - Other PITC,2025-10-02,an Iyi-Enu Hospital
p7CKerD8kRp,1,GF_Number of Clients Screened and Tested for HIV  (Rat) - OPD,2025-10-02,an Oba Comprehensive Health Centre (Trauma Centre)
QS61X8Xc1Tg,2,GF_Number of Clients Screened and Tested for HIV  (Rat) - OPD,2025-10-03,an His Grace Maternity
OKPZ7SmaYwP,2,GF_Number of Individuals Who Received HIV Testing Services (HTS) And Received Their Test Results - Blood Bank,2025-10-10,an Immaculate Heart Hospital (Nkpor)
wM3b4l8Oesq,2,GF_Number of Individuals Who Received HIV Testing Services (Hts) And Received Their Test Results - CT,2025-10-08,an Onitsha General Hospital
FfgZ5ufqf7n,7,GF_Number of Pregnant Women Who Received HIV Testing Services (Hts) And Received Their Test Results - ANC,2025-10-08,an Ebenesi Nnobi Primary Health Centre
hkgcJhWm5cK,1,GF_Number of People Tested HIV Positive & Received Results - CT,2025-10-09,an Accucare Foundation Hospital
OxGTCa7PYrK,2,GF_Number of Individuals Who Received HIV Testing Services (Hts) And Received Their Test Results - CT,2025-10-08,an Ekwulobia General Hospital
xallQX8HUeS,2,GF_Number of Pregnant Women Who Received HIV Testing Services (Hts) And Received Their Test Results - ANC,2025-10-10,an Maranatha Caring Mission Hospital
MUumX5cjk9g,60,GF_Number of AGYW counseled tested and received result- Community,2025-10-10,an Umunze Immaculate Heart Hospital
FfgZ5ufqf7n,4,GF_Number of Pregnant Women Who Received HIV Testing Services (Hts) And Received Their Test Results - ANC,2025-10-02,an Ebenesi Nnobi Primary Health Centre
FfgZ5ufqf7n,5,GF_Number of Pregnant Women Who Received HIV Testing Services (Hts) And Received Their Test Results - ANC,2025-10-06,an Ebenesi Nnobi Primary Health Centre
ZSSbDRTZ6CX,1,GF_Number of Clients Screened and Tested for HIV  (Rat) - OPD,2025-10-06,an St. Patricks Hospital and Maternity
ZSSbDRTZ6CX,2,GF_Number of Clients Screened and Tested for HIV  (Rat) - OPD,2025-10-08,an St. Patricks Hospital and Maternity
P9qUQA6KmAs,7,GF_Number of Individuals Who Received HIV Testing Services (HTS) And Received Their Test Results - In-Patient,2025-10-06,an Holy Rosary Hospital
ySBhaLN97hO,10,GF_Number of Clients Screened and Tested for HIV  (Rat) - OPD,2025-10-09,an St. Raphael Hospital Nkwelle Ezunaka
HgxxN5GZv8Y,30,GF_Number of Clients Screened and Tested for HIV  (Rat) - OPD,2025-10-10,"an Rex Inversorium Hospital, Mmiata (Referral Health center Oroma-Etiti)"
NeOAkzqDQr1,2,GF_Number of Clients Screened and Tested for HIV  (Rat) - OPD,2025-10-10,an Ozzuh Primary Health Centre
wM3b4l8Oesq,7,GF_Number of Individuals Who Received HIV Testing Services (Hts) And Received Their Test Results - CT,2025-10-02,an Onitsha General Hospital
P9qUQA6KmAs,6,GF_Number of Individuals Who Received HIV Testing Services (HTS) And Received Their Test Results - In-Patient,2025-10-08,an Holy Rosary Hospital
H2vA8qHohf5,1,GF_Number of Pregnant Women Who Received HIV Testing Services (Hts) And Received Their Test Results - ANC,2025-10-03,an Ogbunka Primary Health Centre
zhMuFPbxUZS,1,GF_Number of Clients Screened and Tested for HIV  (Rat) - OPD,2025-10-10,an Dike Medical Centre
MUq9oPoC0hr,15,GF_Number of Individuals Who Received HIV Testing Services (Hts) And Received Their Test Results - CT,2025-10-01,an Ukpo Comprehensive Health Centre
iP3AXOcPWYS,4,GF_Number of Individuals Who Received HIV Testing Services (Hts) And Received Their Test Results - CT,2025-10-02,an Oraukwu Primary Health Centre
MUq9oPoC0hr,2,GF_Number of Clients Screened and Tested for HIV  (Rat) - OPD,2025-10-10,an Ukpo Comprehensive Health Centre
ulyCfZ5PUNZ,1,GF_Number of Clients Screened and Tested for HIV  (Rat) - OPD,2025-10-03,an Achalla Primary Health Centre
IX2qlVptNql,1,GF_Number of Clients Screened and Tested for HIV  (Rat) - OPD,2025-10-08,an Onitsha Pieta Hospital
zhMuFPbxUZS,2,GF_Number of Clients Screened and Tested for HIV  (Rat) - OPD,2025-10-08,an Dike Medical Centre
HqwDi1gXzB7,2,GF_Number of Clients Screened and Tested for HIV  (Rat) - OPD,2025-10-10,an Awba Offemmili Primary Health Centre
MUq9oPoC0hr,45,GF_Number of Individuals Who Received HIV Testing Services (Hts) And Received Their Test Results - CT,2025-10-08,an Ukpo Comprehensive Health Centre
xallQX8HUeS,3,GF_Number of Pregnant Women Who Received HIV Testing Services (Hts) And Received Their Test Results - ANC,2025-10-03,an Maranatha Caring Mission Hospital
zhMuFPbxUZS,1,GF_Number of Clients Screened and Tested for HIV  (Rat) - OPD,2025-10-01,an Dike Medical Centre
zhMuFPbxUZS,1,GF_Number of Clients Screened and Tested for HIV  (Rat) - OPD,2025-10-09,an Dike Medical Centre
P9qUQA6KmAs,3,GF_Number of Individuals Who Received HIV Testing Services (Hts) And Received Their Test Results - CT,2025-10-10,an Holy Rosary Hospital
PCPwwTlDOet,2,GF_Number of Pregnant Women Who Received HIV Testing Services (Hts) And Received Their Test Results - ANC,2025-10-10,an Ukpambaka Primary Health Centre
ElMyEZ6ECq9,4,GF_Number of Clients Screened and Tested for HIV  (Rat) - OPD,2025-10-06,an Madonna Hospital Awka
dIgVADaXOoP,100,GF_Number of AGYW counseled tested and received result- Community,2025-10-09,an Nnewi Diocesan Hospital
ulyCfZ5PUNZ,1,GF_Number of Clients Screened and Tested for HIV  (Rat) - OPD,2025-10-07,an Achalla Primary Health Centre
y4dTAIa0QOQ,3,GF_Number of Pregnant Women Who Received HIV Testing Services (Hts) And Received Their Test Results - ANC,2025-10-10,an Umudara Primary Health Centre
dBES5aQviuh,3,GF_Number of KPs tested HIV positive and received result,2025-10-01,"an Anambra State One Stop Shop (OSS) Site, Awka"
P9qUQA6KmAs,4,GF_Number of Individuals Who Received HIV Testing Services (HTS) And Received Their Test Results - In-Patient,2025-10-03,an Holy Rosary Hospital
ulyCfZ5PUNZ,1,GF_Number of Clients Screened and Tested for HIV  (Rat) - OPD,2025-10-06,an Achalla Primary Health Centre
MsWUEiTxyht,8,GF_Number of Individuals Who Received HIV Testing Services (Hts) And Received Their Test Results - CT,2025-10-01,an Ogbunike Primary Health Centre
P9qUQA6KmAs,5,GF_Number of Individuals Who Received HIV Testing Services (HTS) And Received Their Test Results - In-Patient,2025-10-10,an Holy Rosary Hospital
IX2qlVptNql,1,GF_Number of Clients Screened and Tested for HIV  (Rat) - OPD,2025-10-10,an Onitsha Pieta Hospital
ySBhaLN97hO,3,GF_Number of Pregnant Women Who Received HIV Testing Services (Hts) And Received Their Test Results - ANC,2025-10-03,an St. Raphael Hospital Nkwelle Ezunaka
s4ZDSr4IBSr,1,GF_Number of Pregnant Women Who Received HIV Testing Services (Hts) And Received Their Test Results - ANC,2025-10-07,an St. Marks Primary Health Centre
PvDpVr5oSIP,2,GF_Number of Pregnant Women Who Received HIV Testing Services (Hts) And Received Their Test Results - ANC,2025-10-10,an Igbedor Primary Health Centre
IX2qlVptNql,4,GF_Number of Clients Screened and Tested for HIV  (Rat) - OPD,2025-10-01,an Onitsha Pieta Hospital
we90AXVrhUv,20,GF_Number of AGYW counseled tested and received result- Community,2025-10-07,an Umueri General Hospital
cCOaMR3DYko,2,GF_Number of Individuals Who Received HIV Testing Services (Hts) And Received Their Test Results - CT,2025-10-01,an Osumenyi Visitation Hospital
p7CKerD8kRp,1,GF_Number of Pregnant Women Who Received HIV Testing Services (Hts) And Received Their Test Results - ANC,2025-10-08,an Oba Comprehensive Health Centre (Trauma Centre)
we90AXVrhUv,36,GF_Number of AGYW counseled tested and received result- Community,2025-10-08,an Umueri General Hospital
P9qUQA6KmAs,3,GF_Number of Individuals Who Received HIV Testing Services (Hts) And Received Their Test Results - CT,2025-10-06,an Holy Rosary Hospital
P9qUQA6KmAs,3,GF_Number of Individuals Who Received HIV Testing Services (Hts) And Received Their Test Results - CT,2025-10-07,an Holy Rosary Hospital
we90AXVrhUv,70,GF_Number of AGYW counseled tested and received result- Community,2025-10-10,an Umueri General Hospital
QqXS3kwHLkP,1,GF_Number of Pregnant Women Who Received HIV Testing Services (Hts) And Received Their Test Results - ANC,2025-10-03,an Ifite Awkuzu Primary Health Centre
OoBxXYn1eoy,1,GF_Number of Clients tested HIV Positive (From Rat) - OPD,2025-10-03,an Nnamdi Azikiwe University Teaching Hospital
QS61X8Xc1Tg,1,GF_Number of Pregnant Women Who Received HIV Testing Services (Hts) And Received Their Test Results - ANC,2025-10-10,an His Grace Maternity
lOzN4yw4pSh,2,GF_Number of Pregnant Women Who Received HIV Testing Services (Hts) And Received Their Test Results - ANC,2025-10-07,an Madueke Memorial Hospital and Maternity
P9qUQA6KmAs,2,GF_Number of Individuals Who Received HIV Testing Services (Hts) And Received Their Test Results - CT,2025-10-02,an Holy Rosary Hospital
P9qUQA6KmAs,4,GF_Number of Individuals Who Received HIV Testing Services (Hts) And Received Their Test Results - CT,2025-10-03,an Holy Rosary Hospital
MUq9oPoC0hr,50,GF_Number of Individuals Who Received HIV Testing Services (Hts) And Received Their Test Results - CT,2025-10-10,an Ukpo Comprehensive Health Centre
Lc0UxCUN8HR,1,GF_Number of People Tested HIV Positive & Received Results - CT,2025-10-08,an Neni Comprehensive Health Centre NAUTH
OKPZ7SmaYwP,8,GF_Number of Pregnant Women Who Received HIV Testing Services (Hts) And Received Their Test Results - ANC,2025-10-09,an Immaculate Heart Hospital (Nkpor)
OoBxXYn1eoy,1,GF_Number of Clients tested HIV Positive (From Rat) - OPD,2025-10-07,an Nnamdi Azikiwe University Teaching Hospital
OKPZ7SmaYwP,3,GF_Number of Pregnant Women Who Received HIV Testing Services (Hts) And Received Their Test Results - ANC,2025-10-08,an Immaculate Heart Hospital (Nkpor)
QqXS3kwHLkP,1,GF_Number of Pregnant Women Who Received HIV Testing Services (Hts) And Received Their Test Results - ANC,2025-10-07,an Ifite Awkuzu Primary Health Centre
AWDjfiWSCBU,2,GF_Number of Pregnant Women Who Received HIV Testing Services (Hts) And Received Their Test Results - ANC,2025-10-10,an Orifite Referral Health Centre
BkHB5iIj0jE,80,GF_Number of Individuals Who Received HIV Testing Services (Hts) And Received Their Test Results - CT,2025-10-10,an Eziaguluotu Primary Health Centre
OKPZ7SmaYwP,2,GF_Number of Pregnant Women Who Received HIV Testing Services (Hts) And Received Their Test Results - ANC,2025-10-01,an Immaculate Heart Hospital (Nkpor)
Lc0UxCUN8HR,10,GF_Number of Clients Screened and Tested for HIV  (Rat) - OPD,2025-10-09,an Neni Comprehensive Health Centre NAUTH
YzuXkd7MRFN,1,GF_Number of Pregnant Women Who Received HIV Testing Services (Hts) And Received Their Test Results - ANC,2025-10-03,an Obuno Ebenebe Health Post
ElMyEZ6ECq9,2,GF_Number of Clients Screened and Tested for HIV  (Rat) - OPD,2025-10-03,an Madonna Hospital Awka
HqwDi1gXzB7,1,GF_Number of Clients Screened and Tested for HIV  (Rat) - OPD,2025-10-07,an Awba Offemmili Primary Health Centre
CLrRC2NZAR9,13,GF_Number of Clients Screened and Tested for HIV  (Rat) - OPD,2025-10-03,an Ogboro Primary Health Centre
ElMyEZ6ECq9,2,GF_Number of Clients Screened and Tested for HIV  (Rat) - OPD,2025-10-02,an Madonna Hospital Awka
dBES5aQviuh,5,GF_Number of KPs tested HIV positive and received result,2025-10-08,"an Anambra State One Stop Shop (OSS) Site, Awka"
dBES5aQviuh,2,GF_Number of KPs tested HIV positive and received result,2025-10-09,"an Anambra State One Stop Shop (OSS) Site, Awka"
ulyCfZ5PUNZ,2,GF_Number of Clients Screened and Tested for HIV  (Rat) - OPD,2025-10-10,an Achalla Primary Health Centre
V3MCCguBan8,9,GF_Number of Clients Screened and Tested for HIV  (Rat) - OPD,2025-10-10,an Ezira Primary Health Centre
ENi2yTYsiwn,13,GF_Number of Clients Screened and Tested for HIV  (Rat) - OPD,2025-10-03,an Holy Spirit Primary Health Centre
PeMBbhCoe0d,1,GF_Number of Clients Screened and Tested for HIV  (Rat) - OPD,2025-10-03,an Umunze General Hospital
sjeTS3oSial,34,GF_Number of Individuals Who Received HIV Testing Services (Hts) And Received Their Test Results - CT,2025-10-10,an Eziani Ihiala Primary Health Centre
msr1TOXqZKf,1,GF_Number of Pregnant Women Who Received HIV Testing Services (Hts) And Received Their Test Results - ANC,2025-10-09,an St Charles Borromeo Hospital
fzYRxCwtQf2,1,GF_Number of Pregnant Women Who Received HIV Testing Services (Hts) And Received Their Test Results - ANC,2025-10-10,an Akamili Primary Health Clinic
y4dTAIa0QOQ,4,GF_Number of Clients Screened and Tested for HIV  (Rat) - OPD,2025-10-03,an Umudara Primary Health Centre
pxYOOPUXmtt,5,GF_Number of Individuals Who Received HIV Testing Services (Hts) And Received Their Test Results - CT,2025-10-08,an Obosi St Martin's Hospital
jq7EoZZx26g,1,GF_Number of Clients tested HIV Positive (From Rat) - OPD,2025-10-01,an Osumenyi Primary Health Centre
k4Nw4uCT97V,7,GF_Number of Clients Screened and Tested for HIV  (Rat) - OPD,2025-10-09,an Umunya Comprehensive Health Centre
uYnfVI0bkyf,8,GF_Number of Individuals Who Received HIV Testing Services (Hts) And Received Their Test Results - CT,2025-10-02,an Nkpor Crown Hospital and Maternity
BkHB5iIj0jE,1,GF_Number of People Tested HIV Positive & Received Results - CT,2025-10-09,an Eziaguluotu Primary Health Centre
IwQUgEBiiYB,1,GF_Number of Pregnant Women Who Received HIV Testing Services (Hts) And Received Their Test Results - ANC,2025-10-10,an Ogboji Primary Health Centre
jq7EoZZx26g,1,GF_Number of Clients Screened and Tested for HIV  (Rat) - OPD,2025-10-01,an Osumenyi Primary Health Centre
Cj3rwgMDm7q,5,GF_Number of Pregnant Women Who Received HIV Testing Services (Hts) And Received Their Test Results - ANC,2025-10-06,an Umuawah Health Post
uYnfVI0bkyf,6,GF_Number of Individuals Who Received HIV Testing Services (Hts) And Received Their Test Results - CT,2025-10-06,an Nkpor Crown Hospital and Maternity
BkHB5iIj0jE,50,GF_Number of Individuals Who Received HIV Testing Services (Hts) And Received Their Test Results - CT,2025-10-08,an Eziaguluotu Primary Health Centre
P9qUQA6KmAs,1,GF_Number of Individuals Who Received HIV Testing Services (Hts) And Received Their Test Results - TB,2025-10-07,an Holy Rosary Hospital
OKPZ7SmaYwP,3,GF_Number of Individuals Who Received HIV Testing Services (HTS) And Received Their Test Results - Blood Bank,2025-10-08,an Immaculate Heart Hospital (Nkpor)
eJfBtjef8cQ,6,GF_Number of Clients Screened and Tested for HIV  (Rat) - OPD,2025-10-08,an Basic Health Centre Onitsha
e2t30fu3vAw,5,GF_Number of Pregnant Women Who Received HIV Testing Services (Hts) And Received Their Test Results - ANC,2025-10-02,an All Hallows Hospital and Maternity
yjxtvOYtp5A,20,GF_Number of Individuals Who Received HIV Testing Services (Hts) And Received Their Test Results - CT,2025-10-02,an Ukpor General Hospital
IA64rosyhK1,12,GF_Number of Clients Screened and Tested for HIV  (Rat) - OPD,2025-10-09,an Enugu Ukwu General Hospital
d6ugp5puEZ2,2,GF_Number of Pregnant Women Who Received HIV Testing Services (Hts) And Received Their Test Results - ANC,2025-10-08,an Nteje Primary Health Centre
QS61X8Xc1Tg,1,GF_Number of Clients Screened and Tested for HIV  (Rat) - OPD,2025-10-06,an His Grace Maternity
MUq9oPoC0hr,5,GF_Number of Individuals Who Received HIV Testing Services (HTS) and Received Their Test Results - Other PITC,2025-10-07,an Ukpo Comprehensive Health Centre
BkHB5iIj0jE,2,GF_Number of People Tested HIV Positive & Received Results - CT,2025-10-01,an Eziaguluotu Primary Health Centre
MsWUEiTxyht,5,GF_Number of Clients Screened and Tested for HIV  (Rat) - OPD,2025-10-03,an Ogbunike Primary Health Centre
yjxtvOYtp5A,20,GF_Number of Individuals Who Received HIV Testing Services (Hts) And Received Their Test Results - CT,2025-10-06,an Ukpor General Hospital
ZSSbDRTZ6CX,2,GF_Number of Clients Screened and Tested for HIV  (Rat) - OPD,2025-10-01,an St. Patricks Hospital and Maternity
P9qUQA6KmAs,35,GF_Number of AGYW counseled tested and received result- Community,2025-10-08,an Holy Rosary Hospital
HgxxN5GZv8Y,68,GF_Number of Individuals Who Received HIV Testing Services (HTS) And Received Their Test Results - Blood Bank,2025-10-08,"an Rex Inversorium Hospital, Mmiata (Referral Health center Oroma-Etiti)"
FfgZ5ufqf7n,3,GF_Number of Pregnant Women Who Received HIV Testing Services (Hts) And Received Their Test Results - ANC,2025-10-07,an Ebenesi Nnobi Primary Health Centre
wM3b4l8Oesq,9,GF_Number of Individuals Who Received HIV Testing Services (Hts) And Received Their Test Results - CT,2025-10-09,an Onitsha General Hospital
QS61X8Xc1Tg,2,GF_Number of Clients Screened and Tested for HIV  (Rat) - OPD,2025-10-02,an His Grace Maternity
MUq9oPoC0hr,5,GF_Number of Individuals Who Received HIV Testing Services (HTS) and Received Their Test Results - Other PITC,2025-10-03,an Ukpo Comprehensive Health Centre
sJDswuZ8Kqi,1,GF_Number of Pregnant Women Who Received HIV Testing Services (Hts) And Received Their Test Results - ANC,2025-10-06,an Umuoji Basic Health Clinic
hkgcJhWm5cK,2,GF_Number of Clients Screened and Tested for HIV  (Rat) - OPD,2025-10-08,an Accucare Foundation Hospital
ZSSbDRTZ6CX,7,GF_Number of Clients Screened and Tested for HIV  (Rat) - OPD,2025-10-09,an St. Patricks Hospital and Maternity
ySBhaLN97hO,3,GF_Number of Clients Screened and Tested for HIV  (Rat) - OPD,2025-10-06,an St. Raphael Hospital Nkwelle Ezunaka
XVGyolmAns4,6,GF_Number of Clients Screened and Tested for HIV  (Rat) - OPD,2025-10-10,an Azigbo Primary Health Centre
IEKVnEePZLN,1,GF_Number of Individuals Who Received HIV Testing Services (HTS) and Received Their Test Results - Other PITC,2025-10-01,an Iyi-Enu Hospital
P9qUQA6KmAs,4,GF_Number of Individuals Who Received HIV Testing Services (HTS) And Received Their Test Results - In-Patient,2025-10-07,an Holy Rosary Hospital
FfgZ5ufqf7n,3,GF_Number of Pregnant Women Who Received HIV Testing Services (Hts) And Received Their Test Results - ANC,2025-10-03,an Ebenesi Nnobi Primary Health Centre
k4Nw4uCT97V,2,GF_Number of Pregnant Women Who Received HIV Testing Services (Hts) And Received Their Test Results - ANC,2025-10-03,an Umunya Comprehensive Health Centre
QqXS3kwHLkP,1,GF_Number of Pregnant Women Who Received HIV Testing Services (Hts) And Received Their Test Results - ANC,2025-10-10,an Ifite Awkuzu Primary Health Centre
S3gtlMZ4sYV,17,GF_Number of Clients Screened and Tested for HIV  (Rat) - OPD,2025-10-10,an Eziama Primary Health Centre
Z58LnooMrl1,10,GF_Number of Clients Screened and Tested for HIV  (Rat) - OPD,2025-10-01,an Nnobi General Hospital
MUumX5cjk9g,1,GF_Number of People Tested HIV Positive & Received Results - TB,2025-10-02,an Umunze Immaculate Heart Hospital
Oua590tZ4Vd,4,GF_Number of Clients Screened and Tested for HIV  (Rat) - OPD,2025-10-03,an Okija Central Primary Health Centre
S3jUrQJhdKZ,3,GF_Number of Pregnant Women Who Received HIV Testing Services (Hts) And Received Their Test Results - ANC,2025-10-03,an Ogechukwu Maternity
YDYCfFc8ndK,6,GF_Number of Clients Screened and Tested for HIV  (Rat) - OPD,2025-10-02,an Pater Noster Hospital Awka
YDYCfFc8ndK,4,GF_Number of Clients Screened and Tested for HIV  (Rat) - OPD,2025-10-01,an Pater Noster Hospital Awka
oZWwkGsF8WV,4,GF_Number of Clients Screened and Tested for HIV  (Rat) - OPD,2025-10-03,an Ifitedunu General Hospital
pxYOOPUXmtt,3,GF_Number of Individuals Who Received HIV Testing Services (HTS) and Received Their Test Results - Other PITC,2025-10-02,an Obosi St Martin's Hospital
beBpDqUQJMn,3,GF_Number of Pregnant Women Who Received HIV Testing Services (Hts) And Received Their Test Results - ANC,2025-10-03,an Chidiebere Maternity
zkRGuZW2iEs,2,GF_Number of Pregnant Women Who Received HIV Testing Services (Hts) And Received Their Test Results - ANC,2025-10-03,an Holy Family Hospital/Maternity
OoBxXYn1eoy,61,GF_Number of Individuals Who Received HIV Testing Services (HTS) And Received Their Test Results - In-Patient,2025-10-03,an Nnamdi Azikiwe University Teaching Hospital
ZSSbDRTZ6CX,3,GF_Number of Pregnant Women Who Received HIV Testing Services (Hts) And Received Their Test Results - ANC,2025-10-01,an St. Patricks Hospital and Maternity
XG0hzB6FVrw,3,GF_Number of Pregnant Women Who Received HIV Testing Services (Hts) And Received Their Test Results - ANC,2025-10-07,an Eldorado Multispecialist Hospital
Ha1Uxfwnmwq,8,GF_Number of Clients Screened and Tested for HIV  (Rat) - OPD,2025-10-03,an Rock Foundation Hospital
Sya1xqHhCCO,2,GF_Number of Clients Screened and Tested for HIV  (Rat) - OPD,2025-10-09,an Our Lady of Lourdes Hospital
LJvUBIpAfxA,5,GF_Number of Pregnant Women Who Received HIV Testing Services (Hts) And Received Their Test Results - ANC,2025-10-03,an GRA PHC
MUq9oPoC0hr,2,GF_Number of People Tested HIV Positive & Received Results - ANC,2025-10-09,an Ukpo Comprehensive Health Centre
YDYCfFc8ndK,5,GF_Number of Clients Screened and Tested for HIV  (Rat) - OPD,2025-10-09,an Pater Noster Hospital Awka
Sya1xqHhCCO,4,GF_Number of Clients Screened and Tested for HIV  (Rat) - OPD,2025-10-08,an Our Lady of Lourdes Hospital
qtDvX43LURH,1,GF_Number of Individuals Who Received HIV Testing Services (Hts) And Received Their Test Results - CT,2025-10-06,an Akwaeze Community Reproductive Referral Health Centre
Ha1Uxfwnmwq,19,GF_Number of Clients Screened and Tested for HIV  (Rat) - OPD,2025-10-01,an Rock Foundation Hospital
msr1TOXqZKf,14,GF_Number of Clients Screened and Tested for HIV  (Rat) - OPD,2025-10-03,an St Charles Borromeo Hospital
YDYCfFc8ndK,5,GF_Number of Clients Screened and Tested for HIV  (Rat) - OPD,2025-10-07,an Pater Noster Hospital Awka
qtDvX43LURH,2,GF_Number of Individuals Who Received HIV Testing Services (Hts) And Received Their Test Results - CT,2025-10-08,an Akwaeze Community Reproductive Referral Health Centre
TGJMCAUNXD5,2,GF_Number of Pregnant Women Who Received HIV Testing Services (Hts) And Received Their Test Results - ANC,2025-10-07,an Bethel Hospital Awada
Sya1xqHhCCO,14,GF_Number of Clients Screened and Tested for HIV  (Rat) - OPD,2025-10-01,an Our Lady of Lourdes Hospital
Sya1xqHhCCO,6,GF_Number of Clients Screened and Tested for HIV  (Rat) - OPD,2025-10-03,an Our Lady of Lourdes Hospital
TGJMCAUNXD5,4,GF_Number of Individuals Who Received HIV Testing Services (Hts) And Received Their Test Results - CT,2025-10-07,an Bethel Hospital Awada
ZSSbDRTZ6CX,20,GF_Number of Pregnant Women Who Received HIV Testing Services (Hts) And Received Their Test Results - ANC,2025-10-09,an St. Patricks Hospital and Maternity
JnK78IWxALr,1,GF_Number of Clients Screened and Tested for HIV  (Rat) - OPD,2025-10-08,"an Nworah Hilltop Hospital & Maternity, Ugwu Tank, Amawbia"
ENi2yTYsiwn,1,GF_Number of Pregnant Women Who Received HIV Testing Services (Hts) And Received Their Test Results - ANC,2025-10-03,an Holy Spirit Primary Health Centre
ZSSbDRTZ6CX,14,GF_Number of Pregnant Women Who Received HIV Testing Services (Hts) And Received Their Test Results - ANC,2025-10-07,an St. Patricks Hospital and Maternity
ZSSbDRTZ6CX,4,GF_Number of Pregnant Women Who Received HIV Testing Services (Hts) And Received Their Test Results - ANC,2025-10-06,an St. Patricks Hospital and Maternity
MUq9oPoC0hr,20,GF_Number of Clients tested HIV Positive (From Rat) - OPD,2025-10-09,an Ukpo Comprehensive Health Centre
xdRG6eDxhaR,4,GF_Number of Clients Screened and Tested for HIV  (Rat) - OPD,2025-10-09,an Chidubem Hospital and Maternity Okpuno Awka
OoBxXYn1eoy,57,GF_Number of Clients Screened and Tested for HIV  (Rat) - OPD,2025-10-08,an Nnamdi Azikiwe University Teaching Hospital
OoBxXYn1eoy,60,GF_Number of Clients Screened and Tested for HIV  (Rat) - OPD,2025-10-03,an Nnamdi Azikiwe University Teaching Hospital
Lc0UxCUN8HR,1,GF_Number of Pregnant Women Who Received HIV Testing Services (Hts) And Received Their Test Results - ANC,2025-10-07,an Neni Comprehensive Health Centre NAUTH
OoBxXYn1eoy,30,GF_Number of Clients Screened and Tested for HIV  (Rat) - OPD,2025-10-02,an Nnamdi Azikiwe University Teaching Hospital
Sya1xqHhCCO,10,GF_Number of AGYW counseled tested and received result- Community,2025-10-01,an Our Lady of Lourdes Hospital
Sya1xqHhCCO,50,GF_Number of AGYW counseled tested and received result- Community,2025-10-09,an Our Lady of Lourdes Hospital
msr1TOXqZKf,32,GF_Number of Clients Screened and Tested for HIV  (Rat) - OPD,2025-10-09,an St Charles Borromeo Hospital
TaFHmyxBqR7,2,GF_Number of Pregnant Women Who Received HIV Testing Services (Hts) And Received Their Test Results - ANC,2025-10-03,an Awka-Etiti II Primary Health Centre
Vli5C2SFWrh,1,GF_Number of Pregnant Women Who Received HIV Testing Services (Hts) And Received Their Test Results - ANC,2025-10-10,an Omor PrimaryHealth Centre
kIt9h1ZjQfF,2,GF_Number of Clients Screened and Tested for HIV  (Rat) - OPD,2025-10-07,an Amansea Primary Health Centre
d6ugp5puEZ2,1,GF_Number of People Tested HIV Positive & Received Results - ANC,2025-10-09,an Nteje Primary Health Centre
JnK78IWxALr,2,GF_Number of Clients Screened and Tested for HIV  (Rat) - OPD,2025-10-02,"an Nworah Hilltop Hospital & Maternity, Ugwu Tank, Amawbia"
JnK78IWxALr,1,GF_Number of Clients Screened and Tested for HIV  (Rat) - OPD,2025-10-03,"an Nworah Hilltop Hospital & Maternity, Ugwu Tank, Amawbia"
msr1TOXqZKf,23,GF_Number of Clients Screened and Tested for HIV  (Rat) - OPD,2025-10-06,an St Charles Borromeo Hospital
ZSSbDRTZ6CX,4,GF_Number of Pregnant Women Who Received HIV Testing Services (Hts) And Received Their Test Results - ANC,2025-10-10,an St. Patricks Hospital and Maternity
xdRG6eDxhaR,1,GF_Number of Clients Screened and Tested for HIV  (Rat) - OPD,2025-10-06,an Chidubem Hospital and Maternity Okpuno Awka
lJi4pRQnIsT,6,GF_Number of Clients Screened and Tested for HIV  (Rat) - OPD,2025-10-10,an St Anthony Maternity Hospital
DasDyIPK8jQ,1,GF_Number of Pregnant Women Who Received HIV Testing Services (Hts) And Received Their Test Results - ANC,2025-10-03,an Umuezeanam 2 Primary Health Centre
OKPZ7SmaYwP,1,GF_Number of People Tested HIV Positive & Received Results - CT,2025-10-10,an Immaculate Heart Hospital (Nkpor)
cHTHLQECBHb,1,GF_Number of Clients Screened and Tested for HIV  (Rat) - OPD,2025-10-03,an Enugwu Aguleri Primary Health Center
Ha1Uxfwnmwq,15,GF_Number of Clients Screened and Tested for HIV  (Rat) - OPD,2025-10-06,an Rock Foundation Hospital
TNwOSX6UfCW,6,GF_Number of Pregnant Women Who Received HIV Testing Services (Hts) And Received Their Test Results - ANC,2025-10-03,an Umudeze Primary Health Centre
qs0jtVhDtUn,5,GF_Number of Clients Screened and Tested for HIV  (Rat) - OPD,2025-10-10,an Our Lady's of Fatima Woliwo Health Post
MUq9oPoC0hr,9,GF_Number of Individuals Who Received HIV Testing Services (HTS) and Received Their Test Results - Other PITC,2025-10-10,an Ukpo Comprehensive Health Centre
Ha1Uxfwnmwq,7,GF_Number of Clients Screened and Tested for HIV  (Rat) - OPD,2025-10-08,an Rock Foundation Hospital
mQpnj5bT6HS,2,GF_Number of Pregnant Women Who Received HIV Testing Services (Hts) And Received Their Test Results - ANC,2025-10-10,an Christ Church Primary Health Center
t8NuQiiDWb6,1,GF_Number of Pregnant Women Who Received HIV Testing Services (Hts) And Received Their Test Results - ANC,2025-10-03,an Okpuno Otolo Primary Health Centre
Ha1Uxfwnmwq,13,GF_Number of Clients Screened and Tested for HIV  (Rat) - OPD,2025-10-09,an Rock Foundation Hospital
Sya1xqHhCCO,17,GF_Number of AGYW counseled tested and received result- Community,2025-10-03,an Our Lady of Lourdes Hospital
PeMBbhCoe0d,30,GF_Number of Clients Screened and Tested for HIV  (Rat) - OPD,2025-10-09,an Umunze General Hospital
vCsPrXuITbJ,2,GF_Number of Clients Screened and Tested for HIV  (Rat) - OPD,2025-10-10,an Osamala Primary Health Center
IA64rosyhK1,10,GF_Number of Pregnant Women Who Received HIV Testing Services (Hts) And Received Their Test Results - ANC,2025-10-08,an Enugu Ukwu General Hospital
yjxtvOYtp5A,18,GF_Number of Individuals Who Received HIV Testing Services (Hts) And Received Their Test Results - CT,2025-10-10,an Ukpor General Hospital
H2vA8qHohf5,11,GF_Number of Clients Screened and Tested for HIV  (Rat) - OPD,2025-10-03,an Ogbunka Primary Health Centre
BXOxuU6KIk2,5,GF_Number of Clients Screened and Tested for HIV  (Rat) - OPD,2025-10-10,"an St. Joseph Hospital and Maternity, Ifite Ogwari"
wM3b4l8Oesq,3,GF_Number of Individuals Who Received HIV Testing Services (HTS) and Received Their Test Results - Other PITC,2025-10-07,an Onitsha General Hospital
dtfYfdMxpyO,1,GF_Number of Pregnant Women Who Received HIV Testing Services (Hts) And Received Their Test Results - ANC,2025-10-10,an Umerum Primary Health Centre
bVDmQU3reY0,2,GF_Number of Pregnant Women Who Received HIV Testing Services (Hts) And Received Their Test Results - ANC,2025-10-02,an Patricia Memorial Hospital and Maternity Aka baby
SaEp4uCoKLh,6,GF_Number of Pregnant Women Who Received HIV Testing Services (Hts) And Received Their Test Results - ANC,2025-10-03,an Okika Maternity
OKPZ7SmaYwP,6,GF_Number of Individuals Who Received HIV Testing Services (Hts) And Received Their Test Results - CT,2025-10-01,an Immaculate Heart Hospital (Nkpor)
dIgVADaXOoP,2,GF_Number of Individuals Who Received HIV Testing Services (HTS) And Received Their Test Results - Blood Bank,2025-10-09,an Nnewi Diocesan Hospital
JOocbzN2dq7,2,GF_Number of Clients Screened and Tested for HIV  (Rat) - OPD,2025-10-06,an Umuokpu Primary Health Centre
OKPZ7SmaYwP,5,GF_Number of Individuals Who Received HIV Testing Services (Hts) And Received Their Test Results - CT,2025-10-03,an Immaculate Heart Hospital (Nkpor)
k4Nw4uCT97V,50,GF_Number of AGYW counseled tested and received result- Community,2025-10-10,an Umunya Comprehensive Health Centre
p7CKerD8kRp,10,GF_Number of People Tested HIV Positive & Received Results - CT,2025-10-08,an Oba Comprehensive Health Centre (Trauma Centre)
pxYOOPUXmtt,1,GF_Number of Individuals Who Received HIV Testing Services (Hts) And Received Their Test Results - CT,2025-10-07,an Obosi St Martin's Hospital
lOzN4yw4pSh,6,GF_Number of Individuals Who Received HIV Testing Services (Hts) And Received Their Test Results - CT,2025-10-08,an Madueke Memorial Hospital and Maternity
msr1TOXqZKf,1,GF_Number of Individuals Who Received HIV Testing Services (HTS) And Received Their Test Results - Blood Bank,2025-10-08,an St Charles Borromeo Hospital
IA64rosyhK1,1,GF_Number of People Tested HIV Positive & Received Results - Other PITC,2025-10-06,an Enugu Ukwu General Hospital
bVDmQU3reY0,6,GF_Number of Pregnant Women Who Received HIV Testing Services (Hts) And Received Their Test Results - ANC,2025-10-08,an Patricia Memorial Hospital and Maternity Aka baby
OKPZ7SmaYwP,13,GF_Number of Individuals Who Received HIV Testing Services (Hts) And Received Their Test Results - CT,2025-10-09,an Immaculate Heart Hospital (Nkpor)
xdRG6eDxhaR,1,GF_Number of Clients Screened and Tested for HIV  (Rat) - OPD,2025-10-01,an Chidubem Hospital and Maternity Okpuno Awka
pxYOOPUXmtt,5,GF_Number of Pregnant Women Who Received HIV Testing Services (Hts) And Received Their Test Results - ANC,2025-10-10,an Obosi St Martin's Hospital
pxYOOPUXmtt,6,GF_Number of Individuals Who Received HIV Testing Services (Hts) And Received Their Test Results - CT,2025-10-10,an Obosi St Martin's Hospital
XsnL6NMMrlI,10,GF_Number of Individuals Who Received HIV Testing Services (Hts) And Received Their Test Results - CT,2025-10-07,an Ideani Primary Health Center
QqXS3kwHLkP,1,GF_Number of Clients Screened and Tested for HIV  (Rat) - OPD,2025-10-03,an Ifite Awkuzu Primary Health Centre
msr1TOXqZKf,7,GF_Number of Individuals Who Received HIV Testing Services (HTS) And Received Their Test Results - Blood Bank,2025-10-06,an St Charles Borromeo Hospital
B5PbcJXLP9z,2,GF_Number of Pregnant Women Who Received HIV Testing Services (Hts) And Received Their Test Results - ANC,2025-10-10,an Lilu Primary Health Centre
Lc0UxCUN8HR,1,GF_Number of Individuals Who Received HIV Testing Services (Hts) And Received Their Test Results - CT,2025-10-08,an Neni Comprehensive Health Centre NAUTH
NzwdCUPjLKM,1,GF_Number of Pregnant Women Who Received HIV Testing Services (Hts) And Received Their Test Results - ANC,2025-10-07,an Trinitas International Hospital Umuchukwu
lOzN4yw4pSh,2,GF_Number of Individuals Who Received HIV Testing Services (Hts) And Received Their Test Results - CT,2025-10-02,an Madueke Memorial Hospital and Maternity
gPw7wgxVzba,1,GF_Number of Clients tested HIV Positive (From Rat) - OPD,2025-10-01,an St Felix Hospital and Maternity
IX2qlVptNql,1,GF_Number of Pregnant Women Who Received HIV Testing Services (Hts) And Received Their Test Results - ANC,2025-10-01,an Onitsha Pieta Hospital
Z58LnooMrl1,4,GF_Number of Clients Screened and Tested for HIV  (Rat) - OPD,2025-10-06,an Nnobi General Hospital
yjxtvOYtp5A,25,GF_Number of Individuals Who Received HIV Testing Services (Hts) And Received Their Test Results - CT,2025-10-01,an Ukpor General Hospital
ElMyEZ6ECq9,2,GF_Number of Pregnant Women Who Received HIV Testing Services (Hts) And Received Their Test Results - ANC,2025-10-07,an Madonna Hospital Awka
IwQUgEBiiYB,9,GF_Number of Clients Screened and Tested for HIV  (Rat) - OPD,2025-10-03,an Ogboji Primary Health Centre
miQ5RVnWC0K,3,GF_Number of Individuals Who Received HIV Testing Services (Hts) And Received Their Test Results - CT,2025-10-06,an Eziowelle Primary Health Centre
d6ugp5puEZ2,2,GF_Number of Pregnant Women Who Received HIV Testing Services (Hts) And Received Their Test Results - ANC,2025-10-09,an Nteje Primary Health Centre
yjxtvOYtp5A,26,GF_Number of Individuals Who Received HIV Testing Services (Hts) And Received Their Test Results - CT,2025-10-07,an Ukpor General Hospital
MUq9oPoC0hr,4,GF_Number of Individuals Who Received HIV Testing Services (HTS) and Received Their Test Results - Other PITC,2025-10-06,an Ukpo Comprehensive Health Centre
IX2qlVptNql,1,GF_Number of Pregnant Women Who Received HIV Testing Services (Hts) And Received Their Test Results - ANC,2025-10-07,an Onitsha Pieta Hospital
IX2qlVptNql,2,GF_Number of Pregnant Women Who Received HIV Testing Services (Hts) And Received Their Test Results - ANC,2025-10-09,an Onitsha Pieta Hospital
e2t30fu3vAw,4,GF_Number of Pregnant Women Who Received HIV Testing Services (Hts) And Received Their Test Results - ANC,2025-10-09,an All Hallows Hospital and Maternity
PeMBbhCoe0d,25,GF_Number of Clients Screened and Tested for HIV  (Rat) - OPD,2025-10-10,an Umunze General Hospital
hkgcJhWm5cK,1,GF_Number of Clients Screened and Tested for HIV  (Rat) - OPD,2025-10-03,an Accucare Foundation Hospital
MsWUEiTxyht,5,GF_Number of Clients Screened and Tested for HIV  (Rat) - OPD,2025-10-06,an Ogbunike Primary Health Centre
IA64rosyhK1,4,GF_Number of Individuals Who Received HIV Testing Services (HTS) and Received Their Test Results - Other PITC,2025-10-08,an Enugu Ukwu General Hospital
OoBxXYn1eoy,11,GF_Number of Individuals Who Received HIV Testing Services (HTS) And Received Their Test Results - In-Patient,2025-10-09,an Nnamdi Azikiwe University Teaching Hospital
V0K20ejw5vr,2,GF_Number of Pregnant Women Who Received HIV Testing Services (Hts) And Received Their Test Results - ANC,2025-10-03,an Oroma Etiti Primary Health Center
I6Xcx9875kJ,1,GF_Number of Pregnant Women Who Received HIV Testing Services (Hts) And Received Their Test Results - ANC,2025-10-10,an Ifite Primary Health Centre
kIt9h1ZjQfF,1,GF_Number of Clients Screened and Tested for HIV  (Rat) - OPD,2025-10-10,an Amansea Primary Health Centre
sjeTS3oSial,2,GF_Number of Pregnant Women Who Received HIV Testing Services (Hts) And Received Their Test Results - ANC,2025-10-03,an Eziani Ihiala Primary Health Centre
Qj5adNgRgcZ,8,GF_Number of Clients Screened and Tested for HIV  (Rat) - OPD,2025-10-10,an Akwa Primary Health Centre
fzYRxCwtQf2,6,GF_Number of Clients Screened and Tested for HIV  (Rat) - OPD,2025-10-03,an Akamili Primary Health Clinic
yjxtvOYtp5A,37,GF_Number of Individuals Who Received HIV Testing Services (Hts) And Received Their Test Results - CT,2025-10-09,an Ukpor General Hospital
QppIbUI9E92,4,GF_Number of Clients Screened and Tested for HIV  (Rat) - OPD,2025-10-03,an Ozala Isuofia Primary Health Centre
pxYOOPUXmtt,4,GF_Number of Individuals Who Received HIV Testing Services (HTS) and Received Their Test Results - Other PITC,2025-10-08,an Obosi St Martin's Hospital
BXOxuU6KIk2,10,GF_Number of Clients Screened and Tested for HIV  (Rat) - OPD,2025-10-07,"an St. Joseph Hospital and Maternity, Ifite Ogwari"
sjeTS3oSial,2,GF_Number of Pregnant Women Who Received HIV Testing Services (Hts) And Received Their Test Results - ANC,2025-10-09,an Eziani Ihiala Primary Health Centre
Df8G53YKehw,9,GF_Number of Clients Screened and Tested for HIV  (Rat) - OPD,2025-10-10,an Akili Ozizor Primary Health Centre
k4Nw4uCT97V,20,GF_Number of AGYW counseled tested and received result- Community,2025-10-07,an Umunya Comprehensive Health Centre
eJfBtjef8cQ,3,GF_Number of Clients Screened and Tested for HIV  (Rat) - OPD,2025-10-03,an Basic Health Centre Onitsha
MUq9oPoC0hr,2,GF_Number of Individuals Who Received HIV Testing Services (HTS) And Received Their Test Results - Blood Bank,2025-10-10,an Ukpo Comprehensive Health Centre
IEKVnEePZLN,14,GF_Number of Clients Screened and Tested for HIV  (Rat) - OPD,2025-10-10,an Iyi-Enu Hospital
NctJwmp66Nw,3,GF_Number of Clients Screened and Tested for HIV  (Rat) - OPD,2025-10-10,an Odekpe Primary Health Center
Csj8K86dI08,1,GF_Number of Clients Screened and Tested for HIV  (Rat) - OPD,2025-10-10,an Umuogbuefi  PrimaryHealth Center
ElMyEZ6ECq9,1,GF_Number of Clients Screened and Tested for HIV  (Rat) - OPD,2025-10-09,an Madonna Hospital Awka
x8kegIarjSt,4,GF_Number of Individuals Who Received HIV Testing Services (Hts) And Received Their Test Results - CT,2025-10-07,an Amansea Health Post
s4ZDSr4IBSr,1,GF_Number of Pregnant Women Who Received HIV Testing Services (Hts) And Received Their Test Results - ANC,2025-10-01,an St. Marks Primary Health Centre
xallQX8HUeS,4,GF_Number of Pregnant Women Who Received HIV Testing Services (Hts) And Received Their Test Results - ANC,2025-10-09,an Maranatha Caring Mission Hospital
ixhlUJXZQl3,5,GF_Number of Clients Screened and Tested for HIV  (Rat) - OPD,2025-10-03,an Awkuzu Primary Health Centre
zhMuFPbxUZS,1,GF_Number of Clients Screened and Tested for HIV  (Rat) - OPD,2025-10-07,an Dike Medical Centre
wM3b4l8Oesq,2,GF_Number of Pregnant Women Who Received HIV Testing Services (Hts) And Received Their Test Results - ANC,2025-10-07,an Onitsha General Hospital
IX2qlVptNql,2,GF_Number of Clients Screened and Tested for HIV  (Rat) - OPD,2025-10-06,an Onitsha Pieta Hospital
p7CKerD8kRp,25,GF_Number of Individuals Who Received HIV Testing Services (Hts) And Received Their Test Results - CT,2025-10-07,an Oba Comprehensive Health Centre (Trauma Centre)
p7CKerD8kRp,1,GF_Number of Pregnant Women Who Received HIV Testing Services (Hts) And Received Their Test Results - ANC,2025-10-02,an Oba Comprehensive Health Centre (Trauma Centre)
dBES5aQviuh,1,GF_Number of KPs tested HIV positive and received result,2025-10-06,"an Anambra State One Stop Shop (OSS) Site, Awka"
Z58LnooMrl1,2,GF_Number of Pregnant Women Who Received HIV Testing Services (Hts) And Received Their Test Results - ANC,2025-10-01,an Nnobi General Hospital
zhMuFPbxUZS,1,GF_Number of Clients Screened and Tested for HIV  (Rat) - OPD,2025-10-02,an Dike Medical Centre
DouiDIYUwpD,2,GF_Number of Clients Screened and Tested for HIV  (Rat) - OPD,2025-10-10,an Akwaihedi Primary Health Centre
MUq9oPoC0hr,20,GF_Number of Individuals Who Received HIV Testing Services (Hts) And Received Their Test Results - CT,2025-10-09,an Ukpo Comprehensive Health Centre
YzuXkd7MRFN,1,GF_Number of Clients Screened and Tested for HIV  (Rat) - OPD,2025-10-03,an Obuno Ebenebe Health Post
NzwdCUPjLKM,3,GF_Number of Clients Screened and Tested for HIV  (Rat) - OPD,2025-10-03,an Trinitas International Hospital Umuchukwu
akw2O5cpDNP,5,GF_Number of Pregnant Women Who Received HIV Testing Services (Hts) And Received Their Test Results - ANC,2025-10-03,an Okpuno Primary Health Centre
HqwDi1gXzB7,1,GF_Number of Individuals Who Received HIV Testing Services (Hts) And Received Their Test Results - CT,2025-10-06,an Awba Offemmili Primary Health Centre
CLrRC2NZAR9,2,GF_Number of Pregnant Women Who Received HIV Testing Services (Hts) And Received Their Test Results - ANC,2025-10-03,an Ogboro Primary Health Centre
AKfQkUjVHEK,22,GF_Number of Clients Screened and Tested for HIV  (Rat) - OPD,2025-10-03,an St. John Anglican Primary Health Centre
MsWUEiTxyht,7,GF_Number of Individuals Who Received HIV Testing Services (Hts) And Received Their Test Results - CT,2025-10-02,an Ogbunike Primary Health Centre
y4dTAIa0QOQ,2,GF_Number of Pregnant Women Who Received HIV Testing Services (Hts) And Received Their Test Results - ANC,2025-10-03,an Umudara Primary Health Centre
mKYIhwM6HUb,2,GF_Number of Pregnant Women Who Received HIV Testing Services (Hts) And Received Their Test Results - ANC,2025-10-02,an Ichida II Primary Health Centre
IEKVnEePZLN,13,GF_Number of Clients Screened and Tested for HIV  (Rat) - OPD,2025-10-07,an Iyi-Enu Hospital
d6ugp5puEZ2,1,GF_Number of Pregnant Women Who Received HIV Testing Services (Hts) And Received Their Test Results - ANC,2025-10-06,an Nteje Primary Health Centre
zGZjhpdrOde,9,GF_Number of Clients Screened and Tested for HIV  (Rat) - OPD,2025-10-03,an Emmanuel Church Primary Health Centre
ySBhaLN97hO,16,GF_Number of Clients Screened and Tested for HIV  (Rat) - OPD,2025-10-10,an St. Raphael Hospital Nkwelle Ezunaka
HqwDi1gXzB7,2,GF_Number of Individuals Who Received HIV Testing Services (Hts) And Received Their Test Results - CT,2025-10-01,an Awba Offemmili Primary Health Centre
JNAiwnKB4ks,1,GF_Number of Clients Screened and Tested for HIV  (Rat) - OPD,2025-10-01,an Mgbakwu Health Post
MUq9oPoC0hr,18,GF_Number of Clients Screened and Tested for HIV  (Rat) - OPD,2025-10-08,an Ukpo Comprehensive Health Centre
p7CKerD8kRp,20,GF_Number of Individuals Who Received HIV Testing Services (Hts) And Received Their Test Results - CT,2025-10-02,an Oba Comprehensive Health Centre (Trauma Centre)
d6ugp5puEZ2,1,GF_Number of Pregnant Women Who Received HIV Testing Services (Hts) And Received Their Test Results - ANC,2025-10-03,an Nteje Primary Health Centre
we90AXVrhUv,60,GF_Number of AGYW counseled tested and received result- Community,2025-10-09,an Umueri General Hospital
q9iZUe3cVCu,25,GF_Number of AGYW counseled tested and received result- Community,2025-10-10,an Orafite General Hospital
IX2qlVptNql,3,GF_Number of Clients Screened and Tested for HIV  (Rat) - OPD,2025-10-03,an Onitsha Pieta Hospital
Q1KhLwiGA2M,1,GF_Number of People Tested HIV Positive & Received Results - ANC,2025-10-10,an Ezinifite Primary Health Centre
mKYIhwM6HUb,3,GF_Number of Individuals Who Received HIV Testing Services (Hts) And Received Their Test Results - CT,2025-10-02,an Ichida II Primary Health Centre
P9qUQA6KmAs,6,GF_Number of Individuals Who Received HIV Testing Services (Hts) And Received Their Test Results - CT,2025-10-09,an Holy Rosary Hospital
OKPZ7SmaYwP,1,GF_Number of Individuals Who Received HIV Testing Services (HTS) and Received Their Test Results - Other PITC,2025-10-09,an Immaculate Heart Hospital (Nkpor)
Cj3rwgMDm7q,50,GF_Number of Individuals Who Received HIV Testing Services (Hts) And Received Their Test Results - CT,2025-10-07,an Umuawah Health Post
Cj3rwgMDm7q,5,GF_Number of Pregnant Women Who Received HIV Testing Services (Hts) And Received Their Test Results - ANC,2025-10-01,an Umuawah Health Post
x8kegIarjSt,1,GF_Number of Pregnant Women Who Received HIV Testing Services (Hts) And Received Their Test Results - ANC,2025-10-10,an Amansea Health Post
OoBxXYn1eoy,1,GF_Number of Clients tested HIV Positive (From Rat) - OPD,2025-10-09,an Nnamdi Azikiwe University Teaching Hospital
HgxxN5GZv8Y,1,GF_Number of People Tested HIV Positive & Received Results - Blood Bank,2025-10-08,"an Rex Inversorium Hospital, Mmiata (Referral Health center Oroma-Etiti)"
EoeDzJ1FUKN,2,GF_Number of Pregnant Women Who Received HIV Testing Services (Hts) And Received Their Test Results - ANC,2025-10-03,an Obodootu Primary Health Centre
P9qUQA6KmAs,4,GF_Number of Individuals Who Received HIV Testing Services (Hts) And Received Their Test Results - CT,2025-10-01,an Holy Rosary Hospital
OKPZ7SmaYwP,5,GF_Number of Pregnant Women Who Received HIV Testing Services (Hts) And Received Their Test Results - ANC,2025-10-06,an Immaculate Heart Hospital (Nkpor)
d6ugp5puEZ2,5,GF_Number of Clients Screened and Tested for HIV  (Rat) - OPD,2025-10-08,an Nteje Primary Health Centre
Cj3rwgMDm7q,10,GF_Number of AGYW counseled tested and received result- Community,2025-10-01,an Umuawah Health Post
Cj3rwgMDm7q,1,GF_Number of People Tested HIV Positive & Received Results - CT,2025-10-08,an Umuawah Health Post
V3MCCguBan8,4,GF_Number of Pregnant Women Who Received HIV Testing Services (Hts) And Received Their Test Results - ANC,2025-10-03,an Ezira Primary Health Centre
glt0a9JC4VC,6,GF_Number of Individuals Who Received HIV Testing Services (Hts) And Received Their Test Results - CT,2025-10-06,an Achalla Maternal and Child Health Care Centre
Z58LnooMrl1,4,GF_Number of Pregnant Women Who Received HIV Testing Services (Hts) And Received Their Test Results - ANC,2025-10-09,an Nnobi General Hospital
A1hzBiUAojv,1,GF_Number of Pregnant Women Who Received HIV Testing Services (Hts) And Received Their Test Results - ANC,2025-10-10,an Omasiagu Primary Health Centre
JNAiwnKB4ks,1,GF_Number of Clients Screened and Tested for HIV  (Rat) - OPD,2025-10-09,an Mgbakwu Health Post
glt0a9JC4VC,5,GF_Number of Individuals Who Received HIV Testing Services (Hts) And Received Their Test Results - CT,2025-10-03,an Achalla Maternal and Child Health Care Centre
OKPZ7SmaYwP,1,GF_Number of Pregnant Women Who Received HIV Testing Services (Hts) And Received Their Test Results - ANC,2025-10-03,an Immaculate Heart Hospital (Nkpor)
fiItxaKbEDp,2,GF_Number of Pregnant Women Who Received HIV Testing Services (Hts) And Received Their Test Results - ANC,2025-10-10,an Umunankwo Primary Health Centre Ogbaru
miQ5RVnWC0K,1,GF_Number of Pregnant Women Who Received HIV Testing Services (Hts) And Received Their Test Results - ANC,2025-10-08,an Eziowelle Primary Health Centre
ElMyEZ6ECq9,3,GF_Number of Clients Screened and Tested for HIV  (Rat) - OPD,2025-10-01,an Madonna Hospital Awka
yox6XBHvvUs,11,GF_Number of Clients Screened and Tested for HIV  (Rat) - OPD,2025-10-02,an Kanayo Specialist Hospital and Maternity
wM3b4l8Oesq,6,GF_Number of Individuals Who Received HIV Testing Services (Hts) And Received Their Test Results - CT,2025-10-10,an Onitsha General Hospital
NM4YEYMHEqN,2,GF_Number of Pregnant Women Who Received HIV Testing Services (Hts) And Received Their Test Results - ANC,2025-10-03,an His Glory Maternity Umunze
p7CKerD8kRp,50,GF_Number of AGYW counseled tested and received result- Community,2025-10-10,an Oba Comprehensive Health Centre (Trauma Centre)
pxYOOPUXmtt,7,GF_Number of Pregnant Women Who Received HIV Testing Services (Hts) And Received Their Test Results - ANC,2025-10-07,an Obosi St Martin's Hospital
OxGTCa7PYrK,2,GF_Number of Clients Screened and Tested for HIV  (Rat) - OPD,2025-10-08,an Ekwulobia General Hospital
JnK78IWxALr,2,GF_Number of Pregnant Women Who Received HIV Testing Services (Hts) And Received Their Test Results - ANC,2025-10-06,"an Nworah Hilltop Hospital & Maternity, Ugwu Tank, Amawbia"
yQcJZbzP2xr,3,GF_Number of Clients Screened and Tested for HIV  (Rat) - OPD,2025-10-03,an Umudioka Primary Health Centre
IX2qlVptNql,4,GF_Number of Pregnant Women Who Received HIV Testing Services (Hts) And Received Their Test Results - ANC,2025-10-10,an Onitsha Pieta Hospital
OKPZ7SmaYwP,4,GF_Number of Individuals Who Received HIV Testing Services (HTS) And Received Their Test Results - Blood Bank,2025-10-02,an Immaculate Heart Hospital (Nkpor)
QqXS3kwHLkP,1,GF_Number of Clients Screened and Tested for HIV  (Rat) - OPD,2025-10-08,an Ifite Awkuzu Primary Health Centre
HZV6vjUIOuO,2,GF_Number of Pregnant Women Who Received HIV Testing Services (Hts) And Received Their Test Results - ANC,2025-10-03,an Ihembosi Referral Health Centre
msr1TOXqZKf,2,GF_Number of Pregnant Women Who Received HIV Testing Services (Hts) And Received Their Test Results - ANC,2025-10-07,an St Charles Borromeo Hospital
OKPZ7SmaYwP,9,GF_Number of Individuals Who Received HIV Testing Services (Hts) And Received Their Test Results - CT,2025-10-06,an Immaculate Heart Hospital (Nkpor)
msr1TOXqZKf,6,GF_Number of Individuals Who Received HIV Testing Services (HTS) And Received Their Test Results - Accident And Emergency,2025-10-10,an St Charles Borromeo Hospital
YzuXkd7MRFN,1,GF_Number of Pregnant Women Who Received HIV Testing Services (Hts) And Received Their Test Results - ANC,2025-10-01,an Obuno Ebenebe Health Post
PeMBbhCoe0d,2,GF_Number of Clients Screened and Tested for HIV  (Rat) - OPD,2025-10-01,an Umunze General Hospital
rXXrT05BUkb,5,GF_Number of Clients Screened and Tested for HIV  (Rat) - OPD,2025-10-03,an Igbuala H/Post Ifitedunu 2
IEKVnEePZLN,2,GF_Number of People Tested HIV Positive & Received Results - Blood Bank,2025-10-07,an Iyi-Enu Hospital
yox6XBHvvUs,2,GF_Number of Pregnant Women Who Received HIV Testing Services (Hts) And Received Their Test Results - ANC,2025-10-08,an Kanayo Specialist Hospital and Maternity
k4Nw4uCT97V,2,GF_Number of Clients Screened and Tested for HIV  (Rat) - OPD,2025-10-07,an Umunya Comprehensive Health Centre
cCOaMR3DYko,2,GF_Number of People Tested HIV Positive & Received Results - CT,2025-10-01,an Osumenyi Visitation Hospital
uYnfVI0bkyf,8,GF_Number of Individuals Who Received HIV Testing Services (Hts) And Received Their Test Results - CT,2025-10-10,an Nkpor Crown Hospital and Maternity
VW6oZN1jKMg,47,GF_Number of AGYW counseled tested and received result- Community,2025-10-08,an Lancet Hospital LTD
XsnL6NMMrlI,2,GF_Number of Individuals Who Received HIV Testing Services (Hts) And Received Their Test Results - CT,2025-10-02,an Ideani Primary Health Center
MsWUEiTxyht,6,GF_Number of Clients Screened and Tested for HIV  (Rat) - OPD,2025-10-01,an Ogbunike Primary Health Centre
xallQX8HUeS,1,GF_Number of People Tested HIV Positive & Received Results - Blood Bank,2025-10-03,an Maranatha Caring Mission Hospital
q9iZUe3cVCu,2,GF_Number of Clients Screened and Tested for HIV  (Rat) - OPD,2025-10-09,an Orafite General Hospital
JRKjN1krw1v,2,GF_Number of Pregnant Women Who Received HIV Testing Services (Hts) And Received Their Test Results - ANC,2025-10-10,an Okpoko Primary Health Centre iii
Cj3rwgMDm7q,50,GF_Number of AGYW counseled tested and received result- Community,2025-10-09,an Umuawah Health Post
dIgVADaXOoP,4,GF_Number of Clients Screened and Tested for HIV  (Rat) - OPD,2025-10-01,an Nnewi Diocesan Hospital
PzbKulSKORy,1,GF_Number of Clients Screened and Tested for HIV  (Rat) - OPD,2025-10-02,an Umuoba-Anam Primary Health Center
OMnxQFcPQue,1,GF_Number of Clients Screened and Tested for HIV  (Rat) - OPD,2025-10-10,an Urum Primary Health Centre
msr1TOXqZKf,5,GF_Number of Individuals Who Received HIV Testing Services (HTS) And Received Their Test Results - Blood Bank,2025-10-03,an St Charles Borromeo Hospital
lOzN4yw4pSh,2,GF_Number of Pregnant Women Who Received HIV Testing Services (Hts) And Received Their Test Results - ANC,2025-10-02,an Madueke Memorial Hospital and Maternity
MUq9oPoC0hr,5,GF_Number of Individuals Who Received HIV Testing Services (HTS) and Received Their Test Results - Other PITC,2025-10-09,an Ukpo Comprehensive Health Centre
XVGyolmAns4,3,GF_Number of Pregnant Women Who Received HIV Testing Services (Hts) And Received Their Test Results - ANC,2025-10-10,an Azigbo Primary Health Centre
IA64rosyhK1,16,GF_Number of Clients Screened and Tested for HIV  (Rat) - OPD,2025-10-07,an Enugu Ukwu General Hospital
tj7gQs8DwoM,6,GF_Number of Clients Screened and Tested for HIV  (Rat) - OPD,2025-10-10,an Ihite Primary Health Center
gPw7wgxVzba,1,GF_Number of Clients Screened and Tested for HIV  (Rat) - OPD,2025-10-08,an St Felix Hospital and Maternity
jEvQxNUAX4X,2,GF_Number of Individuals Who Received HIV Testing Services (Hts) And Received Their Test Results - CT,2025-10-09,"an Rise Clinic, Adazi Ani"
Jzpyxz1Cydy,5,GF_Number of People Tested HIV Positive & Received Results - ANC,2025-10-03,an Obinwane Hospital and Maternity
Z58LnooMrl1,3,GF_Number of Clients Screened and Tested for HIV  (Rat) - OPD,2025-10-03,an Nnobi General Hospital
MsWUEiTxyht,4,GF_Number of Clients Screened and Tested for HIV  (Rat) - OPD,2025-10-09,an Ogbunike Primary Health Centre
dIgVADaXOoP,120,GF_Number of AGYW counseled tested and received result- Community,2025-10-10,an Nnewi Diocesan Hospital
fWFqufPpvlx,1,GF_Number of Clients Screened and Tested for HIV  (Rat) - OPD,2025-10-10,an Abubo Primary Health Centre
YDYCfFc8ndK,4,GF_Number of Clients Screened and Tested for HIV  (Rat) - OPD,2025-10-10,an Pater Noster Hospital Awka
ZSSbDRTZ6CX,2,GF_Number of Clients Screened and Tested for HIV  (Rat) - OPD,2025-10-03,an St. Patricks Hospital and Maternity
OxGTCa7PYrK,7,GF_Number of Individuals Who Received HIV Testing Services (Hts) And Received Their Test Results - CT,2025-10-09,an Ekwulobia General Hospital
wftHmLIxJmY,3,GF_Number of Individuals Who Received HIV Testing Services (HTS) And Received Their Test Results - Blood Bank,2025-10-07,an Amichi Diocesan Hospital
FfgZ5ufqf7n,3,GF_Number of Pregnant Women Who Received HIV Testing Services (Hts) And Received Their Test Results - ANC,2025-10-09,an Ebenesi Nnobi Primary Health Centre
BkHB5iIj0jE,70,GF_Number of Individuals Who Received HIV Testing Services (Hts) And Received Their Test Results - CT,2025-10-02,an Eziaguluotu Primary Health Centre
wM3b4l8Oesq,4,GF_Number of Individuals Who Received HIV Testing Services (Hts) And Received Their Test Results - CT,2025-10-07,an Onitsha General Hospital
B5PbcJXLP9z,4,GF_Number of Clients Screened and Tested for HIV  (Rat) - OPD,2025-10-03,an Lilu Primary Health Centre
C6f0etXoDZ2,8,GF_Number of Pregnant Women Who Received HIV Testing Services (Hts) And Received Their Test Results - ANC,2025-10-10,an Owerre Ezukala I Primary Health Centre
OoBxXYn1eoy,16,GF_Number of Individuals Who Received HIV Testing Services (HTS) And Received Their Test Results - Blood Bank,2025-10-02,an Nnamdi Azikiwe University Teaching Hospital
MUq9oPoC0hr,4,GF_Number of Individuals Who Received HIV Testing Services (HTS) and Received Their Test Results - Other PITC,2025-10-01,an Ukpo Comprehensive Health Centre
wM3b4l8Oesq,2,GF_Number of Pregnant Women Who Received HIV Testing Services (Hts) And Received Their Test Results - ANC,2025-10-10,an Onitsha General Hospital
IX2qlVptNql,11,GF_Number of AGYW counseled tested and received result- Community,2025-10-01,an Onitsha Pieta Hospital
IA64rosyhK1,2,GF_Number of Individuals Who Received HIV Testing Services (HTS) and Received Their Test Results - Other PITC,2025-10-03,an Enugu Ukwu General Hospital
msr1TOXqZKf,1,GF_Number of Pregnant Women Who Received HIV Testing Services (Hts) And Received Their Test Results - ANC,2025-10-10,an St Charles Borromeo Hospital
P9qUQA6KmAs,11,GF_Number of Individuals Who Received HIV Testing Services (HTS) And Received Their Test Results - In-Patient,2025-10-09,an Holy Rosary Hospital
A6L3DXI7vu8,2,GF_Number of Pregnant Women Who Received HIV Testing Services (Hts) And Received Their Test Results - ANC,2025-10-03,an Umuikwu Primary Health Centre
RkE3gsnXYGa,3,GF_Number of Pregnant Women Who Received HIV Testing Services (Hts) And Received Their Test Results - ANC,2025-10-10,an Umunlebo Health Post
msr1TOXqZKf,27,GF_Number of Individuals Who Received HIV Testing Services (HTS) And Received Their Test Results - Accident And Emergency,2025-10-07,an St Charles Borromeo Hospital
FfgZ5ufqf7n,5,GF_Number of Pregnant Women Who Received HIV Testing Services (Hts) And Received Their Test Results - ANC,2025-10-01,an Ebenesi Nnobi Primary Health Centre
P9qUQA6KmAs,13,GF_Number of Pregnant Women Who Received HIV Testing Services (Hts) And Received Their Test Results - ANC,2025-10-09,an Holy Rosary Hospital
miQ5RVnWC0K,4,GF_Number of Individuals Who Received HIV Testing Services (Hts) And Received Their Test Results - CT,2025-10-03,an Eziowelle Primary Health Centre
OoBxXYn1eoy,5,GF_Number of Individuals Who Received HIV Testing Services (HTS) And Received Their Test Results - Peadiatrics Clinic,2025-10-02,an Nnamdi Azikiwe University Teaching Hospital
tkCscwbaxNn,10,GF_Number of Pregnant Women Who Received HIV Testing Services (Hts) And Received Their Test Results - ANC,2025-10-10,an St Mary's Hospital
OKPZ7SmaYwP,21,GF_Number of AGYW counseled tested and received result- Community,2025-10-08,an Immaculate Heart Hospital (Nkpor)
p7CKerD8kRp,1,GF_Number of People Tested HIV Positive & Received Results - ANC,2025-10-02,an Oba Comprehensive Health Centre (Trauma Centre)
OKPZ7SmaYwP,34,GF_Number of AGYW counseled tested and received result- Community,2025-10-09,an Immaculate Heart Hospital (Nkpor)
lJi4pRQnIsT,4,GF_Number of Pregnant Women Who Received HIV Testing Services (Hts) And Received Their Test Results - ANC,2025-10-10,an St Anthony Maternity Hospital
fWFqufPpvlx,3,GF_Number of Pregnant Women Who Received HIV Testing Services (Hts) And Received Their Test Results - ANC,2025-10-10,an Abubo Primary Health Centre
dIgVADaXOoP,1,GF_Number of AGYW tested HIV positive and received result- Community,2025-10-09,an Nnewi Diocesan Hospital
OoBxXYn1eoy,3,GF_Number of Pregnant Women Who Received HIV Testing Services (Hts) And Received Their Test Results - ANC,2025-10-03,an Nnamdi Azikiwe University Teaching Hospital
QppIbUI9E92,1,GF_Number of Pregnant Women Who Received HIV Testing Services (Hts) And Received Their Test Results - ANC,2025-10-03,an Ozala Isuofia Primary Health Centre
OoBxXYn1eoy,14,GF_Number of Pregnant Women Who Received HIV Testing Services (Hts) And Received Their Test Results - ANC,2025-10-02,an Nnamdi Azikiwe University Teaching Hospital
QppIbUI9E92,2,GF_Number of Pregnant Women Who Received HIV Testing Services (Hts) And Received Their Test Results - ANC,2025-10-10,an Ozala Isuofia Primary Health Centre
VbYKP326qwm,1,GF_Number of Individuals Who Received HIV Testing Services (Hts) And Received Their Test Results - CT,2025-10-02,"an Umubani, Neni Primary Health Center"
MUumX5cjk9g,4,GF_Number of AGYW counseled tested and received result- Walk-In,2025-10-09,an Umunze Immaculate Heart Hospital
VbYKP326qwm,1,GF_Number of Individuals Who Received HIV Testing Services (Hts) And Received Their Test Results - CT,2025-10-01,"an Umubani, Neni Primary Health Center"
PeMBbhCoe0d,25,GF_Number of Individuals Who Received HIV Testing Services (Hts) And Received Their Test Results - CT,2025-10-10,an Umunze General Hospital
VbYKP326qwm,1,GF_Number of Individuals Who Received HIV Testing Services (Hts) And Received Their Test Results - CT,2025-10-08,"an Umubani, Neni Primary Health Center"
fWFqufPpvlx,7,GF_Number of Pregnant Women Who Received HIV Testing Services (Hts) And Received Their Test Results - ANC,2025-10-03,an Abubo Primary Health Centre
HgxxN5GZv8Y,48,GF_Number of AGYW counseled tested and received result- Community,2025-10-01,"an Rex Inversorium Hospital, Mmiata (Referral Health center Oroma-Etiti)"
J1dgQz1R68m,13,GF_Number of Clients Screened and Tested for HIV  (Rat) - OPD,2025-10-03,an Edoji Primary Health Centre
VW6oZN1jKMg,1,GF_Number of Individuals Who Received HIV Testing Services (HTS) and Received Their Test Results - Other PITC,2025-10-10,an Lancet Hospital LTD
RkE3gsnXYGa,3,GF_Number of Clients Screened and Tested for HIV  (Rat) - OPD,2025-10-03,an Umunlebo Health Post
lJi4pRQnIsT,11,GF_Number of Pregnant Women Who Received HIV Testing Services (Hts) And Received Their Test Results - ANC,2025-10-03,an St Anthony Maternity Hospital
Ha1Uxfwnmwq,1,GF_Number of Pregnant Women Who Received HIV Testing Services (Hts) And Received Their Test Results - ANC,2025-10-07,an Rock Foundation Hospital
OoBxXYn1eoy,4,GF_Number of Pregnant Women Who Received HIV Testing Services (Hts) And Received Their Test Results - ANC,2025-10-10,an Nnamdi Azikiwe University Teaching Hospital
OxGTCa7PYrK,17,GF_Number of Pregnant Women Who Received HIV Testing Services (Hts) And Received Their Test Results - ANC,2025-10-06,an Ekwulobia General Hospital
Ha1Uxfwnmwq,3,GF_Number of Pregnant Women Who Received HIV Testing Services (Hts) And Received Their Test Results - ANC,2025-10-03,an Rock Foundation Hospital
VW6oZN1jKMg,2,GF_Number of Individuals Who Received HIV Testing Services (HTS) and Received Their Test Results - Other PITC,2025-10-01,an Lancet Hospital LTD
x6pnr8aUczc,1,GF_Number of Pregnant Women Who Received HIV Testing Services (Hts) And Received Their Test Results - ANC,2025-10-10,an Akpo Primary Health Centre
Ha1Uxfwnmwq,1,GF_Number of Pregnant Women Who Received HIV Testing Services (Hts) And Received Their Test Results - ANC,2025-10-01,an Rock Foundation Hospital
VW6oZN1jKMg,29,GF_Number of Individuals Who Received HIV Testing Services (HTS) and Received Their Test Results - Other PITC,2025-10-02,an Lancet Hospital LTD
VW6oZN1jKMg,5,GF_Number of Individuals Who Received HIV Testing Services (HTS) and Received Their Test Results - Other PITC,2025-10-03,an Lancet Hospital LTD
VW6oZN1jKMg,26,GF_Number of Individuals Who Received HIV Testing Services (HTS) and Received Their Test Results - Other PITC,2025-10-07,an Lancet Hospital LTD
VW6oZN1jKMg,10,GF_Number of Individuals Who Received HIV Testing Services (HTS) and Received Their Test Results - Other PITC,2025-10-09,an Lancet Hospital LTD
we90AXVrhUv,2,GF_Number of Clients Screened and Tested for HIV  (Rat) - OPD,2025-10-10,an Umueri General Hospital
VW6oZN1jKMg,2,GF_Number of People Tested HIV Positive & Received Results - Other PITC,2025-10-07,an Lancet Hospital LTD
MUumX5cjk9g,1,GF_Number of Clients Screened and Tested for HIV  (Rat) - OPD,2025-10-02,an Umunze Immaculate Heart Hospital
VW6oZN1jKMg,9,GF_Number of Individuals Who Received HIV Testing Services (HTS) and Received Their Test Results - Other PITC,2025-10-06,an Lancet Hospital LTD
P9qUQA6KmAs,3,GF_Number of Individuals Who Received HIV Testing Services (HTS) And Received Their Test Results - Blood Bank,2025-10-10,an Holy Rosary Hospital
MUumX5cjk9g,55,GF_Number of Clients Screened and Tested for HIV  (Rat) - OPD,2025-10-09,an Umunze Immaculate Heart Hospital
VW6oZN1jKMg,27,GF_Number of Individuals Who Received HIV Testing Services (HTS) and Received Their Test Results - Other PITC,2025-10-08,an Lancet Hospital LTD
zkRGuZW2iEs,5,GF_Number of Clients Screened and Tested for HIV  (Rat) - OPD,2025-10-03,an Holy Family Hospital/Maternity
JnbNLi29aZL,2,GF_Number of Pregnant Women Who Received HIV Testing Services (Hts) And Received Their Test Results - ANC,2025-10-03,an Umudora Primary Health Centre
LJvUBIpAfxA,13,GF_Number of Clients Screened and Tested for HIV  (Rat) - OPD,2025-10-03,an GRA PHC
zGZjhpdrOde,1,GF_Number of Pregnant Women Who Received HIV Testing Services (Hts) And Received Their Test Results - ANC,2025-10-10,an Emmanuel Church Primary Health Centre
OoBxXYn1eoy,4,GF_Number of Individuals Who Received HIV Testing Services (HTS) And Received Their Test Results - Peadiatrics Clinic,2025-10-10,an Nnamdi Azikiwe University Teaching Hospital
GupwPZYcMw1,2,GF_Number of Pregnant Women Who Received HIV Testing Services (Hts) And Received Their Test Results - ANC,2025-10-03,an AKABOEZEM PHC
dkIkLMCU3KL,9,GF_Number of Pregnant Women Who Received HIV Testing Services (Hts) And Received Their Test Results - ANC,2025-10-01,an Gozie Specialist Hospital
dkIkLMCU3KL,3,GF_Number of Pregnant Women Who Received HIV Testing Services (Hts) And Received Their Test Results - ANC,2025-10-03,an Gozie Specialist Hospital
WZxMrmrEQ8w,10,GF_Number of Clients Screened and Tested for HIV  (Rat) - OPD,2025-10-10,an Ichi Primary Health Centre
JnK78IWxALr,1,GF_Number of Pregnant Women Who Received HIV Testing Services (Hts) And Received Their Test Results - ANC,2025-10-03,"an Nworah Hilltop Hospital & Maternity, Ugwu Tank, Amawbia"
JnK78IWxALr,1,GF_Number of Pregnant Women Who Received HIV Testing Services (Hts) And Received Their Test Results - ANC,2025-10-07,"an Nworah Hilltop Hospital & Maternity, Ugwu Tank, Amawbia"
loRPUW3Lkbh,4,GF_Number of Pregnant Women Who Received HIV Testing Services (Hts) And Received Their Test Results - ANC,2025-10-03,an Comprehensive Health Centre Lomu
JnK78IWxALr,1,GF_Number of Pregnant Women Who Received HIV Testing Services (Hts) And Received Their Test Results - ANC,2025-10-01,"an Nworah Hilltop Hospital & Maternity, Ugwu Tank, Amawbia"
JnK78IWxALr,6,GF_Number of Pregnant Women Who Received HIV Testing Services (Hts) And Received Their Test Results - ANC,2025-10-09,"an Nworah Hilltop Hospital & Maternity, Ugwu Tank, Amawbia"
k4Nw4uCT97V,1,GF_Number of Individuals Who Received HIV Testing Services (HTS) and Received Their Test Results - Other PITC,2025-10-02,an Umunya Comprehensive Health Centre
P9qUQA6KmAs,6,GF_Number of Clients Screened and Tested for HIV  (Rat) - OPD,2025-10-08,an Holy Rosary Hospital
msr1TOXqZKf,3,GF_Number of Individuals Who Received HIV Testing Services (Hts) And Received Their Test Results - CT,2025-10-10,an St Charles Borromeo Hospital
p7CKerD8kRp,52,GF_Number of AGYW counseled tested and received result- Community,2025-10-09,an Oba Comprehensive Health Centre (Trauma Centre)
dBES5aQviuh,80,GF_Number of KPs counseled tested and received result,2025-10-02,"an Anambra State One Stop Shop (OSS) Site, Awka"
MUumX5cjk9g,1,GF_Number of Individuals Who Received HIV Testing Services (HTS) And Received Their Test Results - Blood Bank,2025-10-02,an Umunze Immaculate Heart Hospital
gjvb2mcuOZZ,1,GF_Number of Pregnant Women Who Received HIV Testing Services (Hts) And Received Their Test Results - ANC,2025-10-10,an Umueze-Anam Health Centre1
yox6XBHvvUs,2,GF_Number of Pregnant Women Who Received HIV Testing Services (Hts) And Received Their Test Results - ANC,2025-10-09,an Kanayo Specialist Hospital and Maternity
P9qUQA6KmAs,2,GF_Number of Clients Screened and Tested for HIV  (Rat) - OPD,2025-10-06,an Holy Rosary Hospital
gPw7wgxVzba,2,GF_Number of Clients Screened and Tested for HIV  (Rat) - OPD,2025-10-10,an St Felix Hospital and Maternity
msr1TOXqZKf,3,GF_Number of Individuals Who Received HIV Testing Services (Hts) And Received Their Test Results - CT,2025-10-06,an St Charles Borromeo Hospital
dIgVADaXOoP,6,GF_Number of Clients Screened and Tested for HIV  (Rat) - OPD,2025-10-02,an Nnewi Diocesan Hospital
xknfQ0UuSCR,4,GF_Number of Clients Screened and Tested for HIV  (Rat) - OPD,2025-10-08,an Umuchu Visitation Hospital
VW6oZN1jKMg,69,GF_Number of AGYW counseled tested and received result- Community,2025-10-09,an Lancet Hospital LTD
kDbYzGivY5E,2,GF_Number of Pregnant Women Who Received HIV Testing Services (Hts) And Received Their Test Results - ANC,2025-10-10,an St Barnabas Health Post
NzwdCUPjLKM,21,GF_Number of Clients Screened and Tested for HIV  (Rat) - OPD,2025-10-10,an Trinitas International Hospital Umuchukwu
PeMBbhCoe0d,1,GF_Number of People Tested HIV Positive & Received Results - CT,2025-10-10,an Umunze General Hospital
loRPUW3Lkbh,7,GF_Number of Pregnant Women Who Received HIV Testing Services (Hts) And Received Their Test Results - ANC,2025-10-10,an Comprehensive Health Centre Lomu
k4Nw4uCT97V,15,GF_Number of Individuals Who Received HIV Testing Services (HTS) and Received Their Test Results - Other PITC,2025-10-08,an Umunya Comprehensive Health Centre
msvy1BMNG4T,1,GF_Number of Pregnant Women Who Received HIV Testing Services (Hts) And Received Their Test Results - ANC,2025-10-03,an Ula Ekwulobia Primary Health Centre
yox6XBHvvUs,1,GF_Number of Pregnant Women Who Received HIV Testing Services (Hts) And Received Their Test Results - ANC,2025-10-01,an Kanayo Specialist Hospital and Maternity
io7CR9fOiUu,6,GF_Number of Clients Screened and Tested for HIV  (Rat) - OPD,2025-10-10,an Akili Ogidi Primary Health Centre
yox6XBHvvUs,4,GF_Number of Pregnant Women Who Received HIV Testing Services (Hts) And Received Their Test Results - ANC,2025-10-10,an Kanayo Specialist Hospital and Maternity
zzy6njfXNHS,1,GF_Number of Individuals Who Received HIV Testing Services (Hts) And Received Their Test Results - CT,2025-10-08,"an Nationale Hospital & Maternity, Awada Obosi"
uk9tTbaNcYv,1,GF_Number of Pregnant Women Who Received HIV Testing Services (Hts) And Received Their Test Results - ANC,2025-10-02,an Abagana Health Centre
WZxMrmrEQ8w,7,GF_Number of Clients Screened and Tested for HIV  (Rat) - OPD,2025-10-03,an Ichi Primary Health Centre
JOocbzN2dq7,3,GF_Number of Pregnant Women Who Received HIV Testing Services (Hts) And Received Their Test Results - ANC,2025-10-06,an Umuokpu Primary Health Centre
Ha1Uxfwnmwq,1,GF_Number of Pregnant Women Who Received HIV Testing Services (Hts) And Received Their Test Results - ANC,2025-10-09,an Rock Foundation Hospital
NyZ328hbUiP,1,GF_Number of Clients Screened and Tested for HIV  (Rat) - OPD,2025-10-09,an Beke Memorial Hospital Nimo
iRAmuxfCqmA,3,GF_Number of Pregnant Women Who Received HIV Testing Services (Hts) And Received Their Test Results - ANC,2025-10-03,an Alor Primary Health Centre
P9qUQA6KmAs,3,GF_Number of Individuals Who Received HIV Testing Services (HTS) And Received Their Test Results - Blood Bank,2025-10-08,an Holy Rosary Hospital
Qj5adNgRgcZ,4,GF_Number of Pregnant Women Who Received HIV Testing Services (Hts) And Received Their Test Results - ANC,2025-10-03,an Akwa Primary Health Centre
YzuXkd7MRFN,3,GF_Number of Individuals Who Received HIV Testing Services (Hts) And Received Their Test Results - CT,2025-10-01,an Obuno Ebenebe Health Post
gPw7wgxVzba,2,GF_Number of Clients Screened and Tested for HIV  (Rat) - OPD,2025-10-03,an St Felix Hospital and Maternity
afVyYoFxrMX,1,GF_Number of Clients Screened and Tested for HIV  (Rat) - OPD,2025-10-06,an Achalla Health Post
IEKVnEePZLN,6,GF_Number of Clients Screened and Tested for HIV  (Rat) - OPD,2025-10-06,an Iyi-Enu Hospital
wftHmLIxJmY,2,GF_Number of Individuals Who Received HIV Testing Services (HTS) And Received Their Test Results - Blood Bank,2025-10-08,an Amichi Diocesan Hospital
msr1TOXqZKf,10,GF_Number of Individuals Who Received HIV Testing Services (HTS) And Received Their Test Results - Accident And Emergency,2025-10-02,an St Charles Borromeo Hospital
q9iZUe3cVCu,1,GF_Number of People Tested HIV Positive & Received Results - CT,2025-10-08,an Orafite General Hospital
gPw7wgxVzba,3,GF_Number of Clients Screened and Tested for HIV  (Rat) - OPD,2025-10-01,an St Felix Hospital and Maternity
IEKVnEePZLN,19,GF_Number of Clients Screened and Tested for HIV  (Rat) - OPD,2025-10-02,an Iyi-Enu Hospital
NyZ328hbUiP,8,GF_Number of Clients Screened and Tested for HIV  (Rat) - OPD,2025-10-07,an Beke Memorial Hospital Nimo
SaEp4uCoKLh,10,GF_Number of Clients Screened and Tested for HIV  (Rat) - OPD,2025-10-03,an Okika Maternity
HgxxN5GZv8Y,45,GF_Number of AGYW counseled tested and received result- Community,2025-10-08,"an Rex Inversorium Hospital, Mmiata (Referral Health center Oroma-Etiti)"
OoBxXYn1eoy,54,GF_Number of Individuals Who Received HIV Testing Services (HTS) And Received Their Test Results - Blood Bank,2025-10-07,an Nnamdi Azikiwe University Teaching Hospital
p7CKerD8kRp,1,GF_Number of People Tested HIV Positive & Received Results - ANC,2025-10-08,an Oba Comprehensive Health Centre (Trauma Centre)
JNAiwnKB4ks,1,GF_Number of Pregnant Women Who Received HIV Testing Services (Hts) And Received Their Test Results - ANC,2025-10-10,an Mgbakwu Health Post
VW6oZN1jKMg,70,GF_Number of AGYW counseled tested and received result- Community,2025-10-10,an Lancet Hospital LTD
P9qUQA6KmAs,3,GF_Number of Individuals Who Received HIV Testing Services (HTS) And Received Their Test Results - Blood Bank,2025-10-02,an Holy Rosary Hospital
dBES5aQviuh,99,GF_Number of KPs counseled tested and received result,2025-10-06,"an Anambra State One Stop Shop (OSS) Site, Awka"
we90AXVrhUv,3,GF_Number of Clients Screened and Tested for HIV  (Rat) - OPD,2025-10-08,an Umueri General Hospital
sjeTS3oSial,9,GF_Number of Clients Screened and Tested for HIV  (Rat) - OPD,2025-10-10,an Eziani Ihiala Primary Health Centre
dBES5aQviuh,138,GF_Number of KPs counseled tested and received result,2025-10-08,"an Anambra State One Stop Shop (OSS) Site, Awka"
YzuXkd7MRFN,3,GF_Number of Individuals Who Received HIV Testing Services (Hts) And Received Their Test Results - CT,2025-10-03,an Obuno Ebenebe Health Post
OoBxXYn1eoy,4,GF_Number of Pregnant Women Who Received HIV Testing Services (Hts) And Received Their Test Results - ANC,2025-10-07,an Nnamdi Azikiwe University Teaching Hospital
OoBxXYn1eoy,35,GF_Number of Individuals Who Received HIV Testing Services (HTS) And Received Their Test Results - Blood Bank,2025-10-03,an Nnamdi Azikiwe University Teaching Hospital
akw2O5cpDNP,7,GF_Number of Clients Screened and Tested for HIV  (Rat) - OPD,2025-10-10,an Okpuno Primary Health Centre
msr1TOXqZKf,5,GF_Number of Individuals Who Received HIV Testing Services (HTS) And Received Their Test Results - Accident And Emergency,2025-10-08,an St Charles Borromeo Hospital
gPw7wgxVzba,2,GF_Number of Clients Screened and Tested for HIV  (Rat) - OPD,2025-10-07,an St Felix Hospital and Maternity
OoBxXYn1eoy,8,GF_Number of Pregnant Women Who Received HIV Testing Services (Hts) And Received Their Test Results - ANC,2025-10-09,an Nnamdi Azikiwe University Teaching Hospital
HqwDi1gXzB7,2,GF_Number of Individuals Who Received HIV Testing Services (Hts) And Received Their Test Results - CT,2025-10-07,an Awba Offemmili Primary Health Centre
ixhlUJXZQl3,5,GF_Number of Clients Screened and Tested for HIV  (Rat) - OPD,2025-10-06,an Awkuzu Primary Health Centre
wM3b4l8Oesq,4,GF_Number of Pregnant Women Who Received HIV Testing Services (Hts) And Received Their Test Results - ANC,2025-10-09,an Onitsha General Hospital
HqwDi1gXzB7,3,GF_Number of Individuals Who Received HIV Testing Services (Hts) And Received Their Test Results - CT,2025-10-08,an Awba Offemmili Primary Health Centre
OMnxQFcPQue,1,GF_Number of Pregnant Women Who Received HIV Testing Services (Hts) And Received Their Test Results - ANC,2025-10-10,an Urum Primary Health Centre
HqwDi1gXzB7,1,GF_Number of Individuals Who Received HIV Testing Services (Hts) And Received Their Test Results - CT,2025-10-03,an Awba Offemmili Primary Health Centre
p7CKerD8kRp,18,GF_Number of Individuals Who Received HIV Testing Services (Hts) And Received Their Test Results - CT,2025-10-09,an Oba Comprehensive Health Centre (Trauma Centre)
p7CKerD8kRp,20,GF_Number of Individuals Who Received HIV Testing Services (Hts) And Received Their Test Results - CT,2025-10-08,an Oba Comprehensive Health Centre (Trauma Centre)
zzy6njfXNHS,2,GF_Number of Individuals Who Received HIV Testing Services (Hts) And Received Their Test Results - CT,2025-10-10,"an Nationale Hospital & Maternity, Awada Obosi"
P9qUQA6KmAs,2,GF_Number of Pregnant Women Who Received HIV Testing Services (Hts) And Received Their Test Results - ANC,2025-10-10,an Holy Rosary Hospital
OoBxXYn1eoy,8,GF_Number of Individuals Who Received HIV Testing Services (HTS) And Received Their Test Results - Blood Bank,2025-10-08,an Nnamdi Azikiwe University Teaching Hospital
NzwdCUPjLKM,4,GF_Number of Clients Screened and Tested for HIV  (Rat) - OPD,2025-10-01,an Trinitas International Hospital Umuchukwu
C6f0etXoDZ2,16,GF_Number of Clients Screened and Tested for HIV  (Rat) - OPD,2025-10-10,an Owerre Ezukala I Primary Health Centre
MUumX5cjk9g,1,GF_Number of People Tested HIV Positive & Received Results - Blood Bank,2025-10-02,an Umunze Immaculate Heart Hospital
x8kegIarjSt,1,GF_Number of Clients Screened and Tested for HIV  (Rat) - OPD,2025-10-10,an Amansea Health Post
q9iZUe3cVCu,20,GF_Number of AGYW counseled tested and received result- Community,2025-10-09,an Orafite General Hospital
MsWUEiTxyht,1,GF_Number of Pregnant Women Who Received HIV Testing Services (Hts) And Received Their Test Results - ANC,2025-10-01,an Ogbunike Primary Health Centre
Lc0UxCUN8HR,15,GF_Number of AGYW counseled tested and received result- Community,2025-10-09,an Neni Comprehensive Health Centre NAUTH
JNAiwnKB4ks,1,GF_Number of Clients Screened and Tested for HIV  (Rat) - OPD,2025-10-07,an Mgbakwu Health Post
eGQQItC0MTW,2,GF_Number of Pregnant Women Who Received HIV Testing Services (Hts) And Received Their Test Results - ANC,2025-10-02,an Mama Eliza Maternity Home
JNAiwnKB4ks,1,GF_Number of Clients Screened and Tested for HIV  (Rat) - OPD,2025-10-06,an Mgbakwu Health Post
glt0a9JC4VC,8,GF_Number of Clients Screened and Tested for HIV  (Rat) - OPD,2025-10-10,an Achalla Maternal and Child Health Care Centre
glt0a9JC4VC,7,GF_Number of Individuals Who Received HIV Testing Services (Hts) And Received Their Test Results - CT,2025-10-08,an Achalla Maternal and Child Health Care Centre
glt0a9JC4VC,7,GF_Number of Individuals Who Received HIV Testing Services (Hts) And Received Their Test Results - CT,2025-10-09,an Achalla Maternal and Child Health Care Centre
NM4YEYMHEqN,10,GF_Number of Clients Screened and Tested for HIV  (Rat) - OPD,2025-10-03,an His Glory Maternity Umunze
p7CKerD8kRp,14,GF_Number of Individuals Who Received HIV Testing Services (Hts) And Received Their Test Results - CT,2025-10-10,an Oba Comprehensive Health Centre (Trauma Centre)
p7CKerD8kRp,20,GF_Number of Individuals Who Received HIV Testing Services (Hts) And Received Their Test Results - CT,2025-10-01,an Oba Comprehensive Health Centre (Trauma Centre)
tj7gQs8DwoM,1,GF_Number of Pregnant Women Who Received HIV Testing Services (Hts) And Received Their Test Results - ANC,2025-10-03,an Ihite Primary Health Center
afVyYoFxrMX,3,GF_Number of Clients Screened and Tested for HIV  (Rat) - OPD,2025-10-10,an Achalla Health Post
x8kegIarjSt,3,GF_Number of Individuals Who Received HIV Testing Services (Hts) And Received Their Test Results - CT,2025-10-02,an Amansea Health Post
JNAiwnKB4ks,2,GF_Number of Clients Screened and Tested for HIV  (Rat) - OPD,2025-10-10,an Mgbakwu Health Post
B5PbcJXLP9z,2,GF_Number of Pregnant Women Who Received HIV Testing Services (Hts) And Received Their Test Results - ANC,2025-10-03,an Lilu Primary Health Centre
JNAiwnKB4ks,1,GF_Number of Clients Screened and Tested for HIV  (Rat) - OPD,2025-10-02,an Mgbakwu Health Post
glt0a9JC4VC,1,GF_Number of Clients Screened and Tested for HIV  (Rat) - OPD,2025-10-07,an Achalla Maternal and Child Health Care Centre
IEKVnEePZLN,19,GF_Number of Clients Screened and Tested for HIV  (Rat) - OPD,2025-10-09,an Iyi-Enu Hospital
VpbsAtJQcLk,4,GF_Number of Clients Screened and Tested for HIV  (Rat) - OPD,2025-10-10,an Onneh Primary Health Care
Cj3rwgMDm7q,39,GF_Number of Individuals Who Received HIV Testing Services (Hts) And Received Their Test Results - CT,2025-10-01,an Umuawah Health Post
MsWUEiTxyht,4,GF_Number of Pregnant Women Who Received HIV Testing Services (Hts) And Received Their Test Results - ANC,2025-10-08,an Ogbunike Primary Health Centre
VpbsAtJQcLk,3,GF_Number of Clients Screened and Tested for HIV  (Rat) - OPD,2025-10-03,an Onneh Primary Health Care
OKPZ7SmaYwP,1,GF_Number of Individuals Who Received HIV Testing Services (HTS) and Received Their Test Results - Other PITC,2025-10-03,an Immaculate Heart Hospital (Nkpor)
ixhlUJXZQl3,5,GF_Number of Clients Screened and Tested for HIV  (Rat) - OPD,2025-10-02,an Awkuzu Primary Health Centre
q9iZUe3cVCu,20,GF_Number of AGYW counseled tested and received result- Community,2025-10-01,an Orafite General Hospital
MsWUEiTxyht,2,GF_Number of Pregnant Women Who Received HIV Testing Services (Hts) And Received Their Test Results - ANC,2025-10-09,an Ogbunike Primary Health Centre
MUumX5cjk9g,1,GF_Number of Pregnant Women Who Received HIV Testing Services (Hts) And Received Their Test Results - ANC,2025-10-10,an Umunze Immaculate Heart Hospital
Cj3rwgMDm7q,100,GF_Number of People Tested HIV Positive & Received Results - CT,2025-10-10,an Umuawah Health Post
yox6XBHvvUs,11,GF_Number of Clients Screened and Tested for HIV  (Rat) - OPD,2025-10-08,an Kanayo Specialist Hospital and Maternity
OKPZ7SmaYwP,26,GF_Number of Individuals Who Received HIV Testing Services (Hts) And Received Their Test Results - CT,2025-10-10,an Immaculate Heart Hospital (Nkpor)
OKPZ7SmaYwP,1,GF_Number of Individuals Who Received HIV Testing Services (HTS) and Received Their Test Results - Other PITC,2025-10-06,an Immaculate Heart Hospital (Nkpor)
Cj3rwgMDm7q,100,GF_Number of Individuals Who Received HIV Testing Services (Hts) And Received Their Test Results - CT,2025-10-09,an Umuawah Health Post
Cj3rwgMDm7q,27,GF_Number of Individuals Who Received HIV Testing Services (Hts) And Received Their Test Results - CT,2025-10-06,an Umuawah Health Post
akw2O5cpDNP,3,GF_Number of Pregnant Women Who Received HIV Testing Services (Hts) And Received Their Test Results - ANC,2025-10-10,an Okpuno Primary Health Centre
yox6XBHvvUs,5,GF_Number of Clients Screened and Tested for HIV  (Rat) - OPD,2025-10-01,an Kanayo Specialist Hospital and Maternity
akw2O5cpDNP,7,GF_Number of Clients Screened and Tested for HIV  (Rat) - OPD,2025-10-03,an Okpuno Primary Health Centre
yox6XBHvvUs,4,GF_Number of Clients Screened and Tested for HIV  (Rat) - OPD,2025-10-09,an Kanayo Specialist Hospital and Maternity
mKYIhwM6HUb,3,GF_Number of Individuals Who Received HIV Testing Services (Hts) And Received Their Test Results - CT,2025-10-01,an Ichida II Primary Health Centre
NM4YEYMHEqN,8,GF_Number of Clients Screened and Tested for HIV  (Rat) - OPD,2025-10-10,an His Glory Maternity Umunze
Cj3rwgMDm7q,60,GF_Number of AGYW counseled tested and received result- Community,2025-10-08,an Umuawah Health Post
Cj3rwgMDm7q,10,GF_Number of AGYW counseled tested and received result- Community,2025-10-07,an Umuawah Health Post
s4ZDSr4IBSr,1,GF_Number of Clients Screened and Tested for HIV  (Rat) - OPD,2025-10-01,an St. Marks Primary Health Centre
s4ZDSr4IBSr,2,GF_Number of Clients Screened and Tested for HIV  (Rat) - OPD,2025-10-02,an St. Marks Primary Health Centre
yQcJZbzP2xr,1,GF_Number of Pregnant Women Who Received HIV Testing Services (Hts) And Received Their Test Results - ANC,2025-10-03,an Umudioka Primary Health Centre
JnK78IWxALr,2,GF_Number of Pregnant Women Who Received HIV Testing Services (Hts) And Received Their Test Results - ANC,2025-10-10,"an Nworah Hilltop Hospital & Maternity, Ugwu Tank, Amawbia"
d6ugp5puEZ2,5,GF_Number of Clients Screened and Tested for HIV  (Rat) - OPD,2025-10-03,an Nteje Primary Health Centre
d6ugp5puEZ2,4,GF_Number of Clients Screened and Tested for HIV  (Rat) - OPD,2025-10-02,an Nteje Primary Health Centre
NzwdCUPjLKM,20,GF_Number of Clients Screened and Tested for HIV  (Rat) - OPD,2025-10-09,an Trinitas International Hospital Umuchukwu
IEKVnEePZLN,13,GF_Number of Pregnant Women Who Received HIV Testing Services (Hts) And Received Their Test Results - ANC,2025-10-07,an Iyi-Enu Hospital
Cj3rwgMDm7q,10,GF_Number of AGYW counseled tested and received result- Community,2025-10-03,an Umuawah Health Post
d6ugp5puEZ2,2,GF_Number of Clients Screened and Tested for HIV  (Rat) - OPD,2025-10-07,an Nteje Primary Health Centre
d6ugp5puEZ2,4,GF_Number of Clients Screened and Tested for HIV  (Rat) - OPD,2025-10-06,an Nteje Primary Health Centre
OoBxXYn1eoy,2,GF_Number of Individuals Who Received HIV Testing Services (HTS) And Received Their Test Results - Blood Bank,2025-10-10,an Nnamdi Azikiwe University Teaching Hospital
msvy1BMNG4T,2,GF_Number of Clients Screened and Tested for HIV  (Rat) - OPD,2025-10-03,an Ula Ekwulobia Primary Health Centre
NzwdCUPjLKM,3,GF_Number of Clients Screened and Tested for HIV  (Rat) - OPD,2025-10-08,an Trinitas International Hospital Umuchukwu
IEKVnEePZLN,6,GF_Number of Pregnant Women Who Received HIV Testing Services (Hts) And Received Their Test Results - ANC,2025-10-02,an Iyi-Enu Hospital
MUq9oPoC0hr,2,GF_Number of Pregnant Women Who Received HIV Testing Services (Hts) And Received Their Test Results - ANC,2025-10-09,an Ukpo Comprehensive Health Centre
wM3b4l8Oesq,3,GF_Number of Pregnant Women Who Received HIV Testing Services (Hts) And Received Their Test Results - ANC,2025-10-02,an Onitsha General Hospital
glt0a9JC4VC,6,GF_Number of Individuals Who Received HIV Testing Services (Hts) And Received Their Test Results - CT,2025-10-01,an Achalla Maternal and Child Health Care Centre
E22605q44Z6,10,GF_Number of Clients Screened and Tested for HIV  (Rat) - OPD,2025-10-03,an Atani Primary Health Centre
J1dgQz1R68m,1,GF_Number of Pregnant Women Who Received HIV Testing Services (Hts) And Received Their Test Results - ANC,2025-10-03,an Edoji Primary Health Centre
yox6XBHvvUs,4,GF_Number of Pregnant Women Who Received HIV Testing Services (Hts) And Received Their Test Results - ANC,2025-10-02,an Kanayo Specialist Hospital and Maternity
sJDswuZ8Kqi,26,GF_Number of Individuals Who Received HIV Testing Services (Hts) And Received Their Test Results - CT,2025-10-06,an Umuoji Basic Health Clinic
q9iZUe3cVCu,2,GF_Number of Individuals Who Received HIV Testing Services (Hts) And Received Their Test Results - CT,2025-10-08,an Orafite General Hospital
GupwPZYcMw1,1,GF_Number of Pregnant Women Who Received HIV Testing Services (Hts) And Received Their Test Results - ANC,2025-10-10,an AKABOEZEM PHC
dkIkLMCU3KL,1,GF_Number of Pregnant Women Who Received HIV Testing Services (Hts) And Received Their Test Results - ANC,2025-10-06,an Gozie Specialist Hospital
Oua590tZ4Vd,4,GF_Number of Pregnant Women Who Received HIV Testing Services (Hts) And Received Their Test Results - ANC,2025-10-10,an Okija Central Primary Health Centre
we90AXVrhUv,5,GF_Number of Clients Screened and Tested for HIV  (Rat) - OPD,2025-10-09,an Umueri General Hospital
P9qUQA6KmAs,4,GF_Number of Clients Screened and Tested for HIV  (Rat) - OPD,2025-10-09,an Holy Rosary Hospital
k4Nw4uCT97V,1,GF_Number of People Tested HIV Positive & Received Results - Other PITC,2025-10-07,an Umunya Comprehensive Health Centre
dBES5aQviuh,79,GF_Number of KPs counseled tested and received result,2025-10-03,"an Anambra State One Stop Shop (OSS) Site, Awka"
yox6XBHvvUs,2,GF_Number of Pregnant Women Who Received HIV Testing Services (Hts) And Received Their Test Results - ANC,2025-10-06,an Kanayo Specialist Hospital and Maternity
JOocbzN2dq7,4,GF_Number of Clients Screened and Tested for HIV  (Rat) - OPD,2025-10-09,an Umuokpu Primary Health Centre
dkIkLMCU3KL,7,GF_Number of Pregnant Women Who Received HIV Testing Services (Hts) And Received Their Test Results - ANC,2025-10-02,an Gozie Specialist Hospital
dBES5aQviuh,136,GF_Number of KPs counseled tested and received result,2025-10-10,"an Anambra State One Stop Shop (OSS) Site, Awka"
RkE3gsnXYGa,3,GF_Number of Clients Screened and Tested for HIV  (Rat) - OPD,2025-10-10,an Umunlebo Health Post
IA64rosyhK1,2,GF_Number of Individuals Who Received HIV Testing Services (HTS) and Received Their Test Results - Other PITC,2025-10-09,an Enugu Ukwu General Hospital
dIgVADaXOoP,4,GF_Number of Clients Screened and Tested for HIV  (Rat) - OPD,2025-10-03,an Nnewi Diocesan Hospital
PBEQJpsapZw,1,GF_Number of Clients tested HIV Positive (From Rat) - OPD,2025-10-10,an Otolo Umuenem Primary Health Centre
xknfQ0UuSCR,7,GF_Number of Clients Screened and Tested for HIV  (Rat) - OPD,2025-10-09,an Umuchu Visitation Hospital
lOzN4yw4pSh,6,GF_Number of Individuals Who Received HIV Testing Services (Hts) And Received Their Test Results - CT,2025-10-07,an Madueke Memorial Hospital and Maternity
OKPZ7SmaYwP,23,GF_Number of Individuals Who Received HIV Testing Services (Hts) And Received Their Test Results - CT,2025-10-08,an Immaculate Heart Hospital (Nkpor)
lo2x8EF5rhM,2,GF_Number of Pregnant Women Who Received HIV Testing Services (Hts) And Received Their Test Results - ANC,2025-10-10,an Umuonuora Primary Health Centre
lOzN4yw4pSh,2,GF_Number of Individuals Who Received HIV Testing Services (Hts) And Received Their Test Results - CT,2025-10-03,an Madueke Memorial Hospital and Maternity
bVDmQU3reY0,4,GF_Number of Pregnant Women Who Received HIV Testing Services (Hts) And Received Their Test Results - ANC,2025-10-07,an Patricia Memorial Hospital and Maternity Aka baby
k4Nw4uCT97V,3,GF_Number of Individuals Who Received HIV Testing Services (HTS) and Received Their Test Results - Other PITC,2025-10-09,an Umunya Comprehensive Health Centre
afVyYoFxrMX,1,GF_Number of Clients Screened and Tested for HIV  (Rat) - OPD,2025-10-03,an Achalla Health Post
msr1TOXqZKf,18,GF_Number of Clients Screened and Tested for HIV  (Rat) - OPD,2025-10-10,an St Charles Borromeo Hospital
wftHmLIxJmY,3,GF_Number of Individuals Who Received HIV Testing Services (HTS) And Received Their Test Results - Blood Bank,2025-10-01,an Amichi Diocesan Hospital
msr1TOXqZKf,1,GF_Number of Clients tested HIV Positive (From Rat) - OPD,2025-10-10,an St Charles Borromeo Hospital
IEKVnEePZLN,9,GF_Number of Clients Screened and Tested for HIV  (Rat) - OPD,2025-10-01,an Iyi-Enu Hospital
vCsPrXuITbJ,1,GF_Number of Pregnant Women Who Received HIV Testing Services (Hts) And Received Their Test Results - ANC,2025-10-10,an Osamala Primary Health Center
mKYIhwM6HUb,1,GF_Number of Individuals Who Received HIV Testing Services (Hts) And Received Their Test Results - CT,2025-10-08,an Ichida II Primary Health Centre
J1dgQz1R68m,5,GF_Number of Pregnant Women Who Received HIV Testing Services (Hts) And Received Their Test Results - ANC,2025-10-10,an Edoji Primary Health Centre
gPw7wgxVzba,4,GF_Number of Clients Screened and Tested for HIV  (Rat) - OPD,2025-10-02,an St Felix Hospital and Maternity
lo2x8EF5rhM,8,GF_Number of Pregnant Women Who Received HIV Testing Services (Hts) And Received Their Test Results - ANC,2025-10-03,an Umuonuora Primary Health Centre
YzuXkd7MRFN,3,GF_Number of Individuals Who Received HIV Testing Services (Hts) And Received Their Test Results - CT,2025-10-02,an Obuno Ebenebe Health Post
IX2qlVptNql,1,GF_Number of Pregnant Women Who Received HIV Testing Services (Hts) And Received Their Test Results - ANC,2025-10-02,an Onitsha Pieta Hospital
qtDvX43LURH,3,GF_Number of Pregnant Women Who Received HIV Testing Services (Hts) And Received Their Test Results - ANC,2025-10-02,an Akwaeze Community Reproductive Referral Health Centre
tkCscwbaxNn,7,GF_Number of Clients Screened and Tested for HIV  (Rat) - OPD,2025-10-10,an St Mary's Hospital
wftHmLIxJmY,3,GF_Number of Individuals Who Received HIV Testing Services (HTS) And Received Their Test Results - Blood Bank,2025-10-09,an Amichi Diocesan Hospital
Oua590tZ4Vd,5,GF_Number of Pregnant Women Who Received HIV Testing Services (Hts) And Received Their Test Results - ANC,2025-10-03,an Okija Central Primary Health Centre
IX2qlVptNql,2,GF_Number of Pregnant Women Who Received HIV Testing Services (Hts) And Received Their Test Results - ANC,2025-10-06,an Onitsha Pieta Hospital
zGZjhpdrOde,1,GF_Number of Pregnant Women Who Received HIV Testing Services (Hts) And Received Their Test Results - ANC,2025-10-03,an Emmanuel Church Primary Health Centre
P9qUQA6KmAs,5,GF_Number of Pregnant Women Who Received HIV Testing Services (Hts) And Received Their Test Results - ANC,2025-10-07,an Holy Rosary Hospital
IX2qlVptNql,12,GF_Number of AGYW counseled tested and received result- Community,2025-10-07,an Onitsha Pieta Hospital
Cj3rwgMDm7q,40,GF_Number of AGYW counseled tested and received result- Community,2025-10-10,an Umuawah Health Post
OoBxXYn1eoy,7,GF_Number of Individuals Who Received HIV Testing Services (HTS) And Received Their Test Results - In-Patient,2025-10-08,an Nnamdi Azikiwe University Teaching Hospital
Jzpyxz1Cydy,2,GF_Number of Individuals Who Received HIV Testing Services (Hts) And Received Their Test Results - CT,2025-10-06,an Obinwane Hospital and Maternity
BXOxuU6KIk2,10,GF_Number of Clients Screened and Tested for HIV  (Rat) - OPD,2025-10-08,"an St. Joseph Hospital and Maternity, Ifite Ogwari"
HgxxN5GZv8Y,37,GF_Number of AGYW counseled tested and received result- Community,2025-10-09,"an Rex Inversorium Hospital, Mmiata (Referral Health center Oroma-Etiti)"
Csj8K86dI08,1,GF_Number of Pregnant Women Who Received HIV Testing Services (Hts) And Received Their Test Results - ANC,2025-10-10,an Umuogbuefi  PrimaryHealth Center
pxYOOPUXmtt,22,GF_Number of Individuals Who Received HIV Testing Services (HTS) and Received Their Test Results - Other PITC,2025-10-07,an Obosi St Martin's Hospital
P9qUQA6KmAs,4,GF_Number of Individuals Who Received HIV Testing Services (HTS) And Received Their Test Results - Blood Bank,2025-10-03,an Holy Rosary Hospital
sjeTS3oSial,3,GF_Number of Pregnant Women Who Received HIV Testing Services (Hts) And Received Their Test Results - ANC,2025-10-08,an Eziani Ihiala Primary Health Centre
YzuXkd7MRFN,1,GF_Number of People Tested HIV Positive & Received Results - CT,2025-10-03,an Obuno Ebenebe Health Post
dBES5aQviuh,89,GF_Number of KPs counseled tested and received result,2025-10-07,"an Anambra State One Stop Shop (OSS) Site, Awka"
IA64rosyhK1,2,GF_Number of Individuals Who Received HIV Testing Services (HTS) and Received Their Test Results - Other PITC,2025-10-01,an Enugu Ukwu General Hospital
JnbNLi29aZL,1,GF_Number of Pregnant Women Who Received HIV Testing Services (Hts) And Received Their Test Results - ANC,2025-10-10,an Umudora Primary Health Centre
OoBxXYn1eoy,7,GF_Number of Pregnant Women Who Received HIV Testing Services (Hts) And Received Their Test Results - ANC,2025-10-08,an Nnamdi Azikiwe University Teaching Hospital
YzuXkd7MRFN,3,GF_Number of Individuals Who Received HIV Testing Services (Hts) And Received Their Test Results - CT,2025-10-06,an Obuno Ebenebe Health Post
msr1TOXqZKf,3,GF_Number of Individuals Who Received HIV Testing Services (HTS) And Received Their Test Results - Accident And Emergency,2025-10-09,an St Charles Borromeo Hospital
ulyCfZ5PUNZ,7,GF_Number of Individuals Who Received HIV Testing Services (Hts) And Received Their Test Results - CT,2025-10-08,an Achalla Primary Health Centre
k4Nw4uCT97V,20,GF_Number of AGYW counseled tested and received result- Community,2025-10-08,an Umunya Comprehensive Health Centre
J3g5pfx4ImL,6,GF_Number of Clients Screened and Tested for HIV  (Rat) - OPD,2025-10-10,an Isaac Chira Memorial Hospital Awkuzu
MUq9oPoC0hr,18,GF_Number of Individuals Who Received HIV Testing Services (HTS) And Received Their Test Results - Blood Bank,2025-10-08,an Ukpo Comprehensive Health Centre
MUq9oPoC0hr,8,GF_Number of Individuals Who Received HIV Testing Services (HTS) And Received Their Test Results - Blood Bank,2025-10-09,an Ukpo Comprehensive Health Centre
x6pnr8aUczc,8,GF_Number of Clients Screened and Tested for HIV  (Rat) - OPD,2025-10-10,an Akpo Primary Health Centre
pxYOOPUXmtt,9,GF_Number of Individuals Who Received HIV Testing Services (HTS) and Received Their Test Results - Other PITC,2025-10-03,an Obosi St Martin's Hospital
ENi2yTYsiwn,1,GF_Number of Pregnant Women Who Received HIV Testing Services (Hts) And Received Their Test Results - ANC,2025-10-10,an Holy Spirit Primary Health Centre
Sya1xqHhCCO,55,GF_Number of AGYW counseled tested and received result- Community,2025-10-10,an Our Lady of Lourdes Hospital
IwQUgEBiiYB,7,GF_Number of Clients Screened and Tested for HIV  (Rat) - OPD,2025-10-10,an Ogboji Primary Health Centre
YDYCfFc8ndK,4,GF_Number of Clients Screened and Tested for HIV  (Rat) - OPD,2025-10-03,an Pater Noster Hospital Awka
OoBxXYn1eoy,15,GF_Number of Individuals Who Received HIV Testing Services (HTS) And Received Their Test Results - In-Patient,2025-10-02,an Nnamdi Azikiwe University Teaching Hospital
YDYCfFc8ndK,4,GF_Number of Clients Screened and Tested for HIV  (Rat) - OPD,2025-10-08,an Pater Noster Hospital Awka
ZSSbDRTZ6CX,15,GF_Number of Pregnant Women Who Received HIV Testing Services (Hts) And Received Their Test Results - ANC,2025-10-02,an St. Patricks Hospital and Maternity
msr1TOXqZKf,12,GF_Number of Clients Screened and Tested for HIV  (Rat) - OPD,2025-10-02,an St Charles Borromeo Hospital
ZSSbDRTZ6CX,3,GF_Number of Pregnant Women Who Received HIV Testing Services (Hts) And Received Their Test Results - ANC,2025-10-03,an St. Patricks Hospital and Maternity
LJvUBIpAfxA,1,GF_Number of Pregnant Women Who Received HIV Testing Services (Hts) And Received Their Test Results - ANC,2025-10-10,an GRA PHC
YDYCfFc8ndK,3,GF_Number of Clients Screened and Tested for HIV  (Rat) - OPD,2025-10-06,an Pater Noster Hospital Awka
qtDvX43LURH,4,GF_Number of Individuals Who Received HIV Testing Services (Hts) And Received Their Test Results - CT,2025-10-02,an Akwaeze Community Reproductive Referral Health Centre
NeOAkzqDQr1,1,GF_Number of Pregnant Women Who Received HIV Testing Services (Hts) And Received Their Test Results - ANC,2025-10-10,an Ozzuh Primary Health Centre
Ha1Uxfwnmwq,15,GF_Number of Clients Screened and Tested for HIV  (Rat) - OPD,2025-10-02,an Rock Foundation Hospital
oZWwkGsF8WV,5,GF_Number of Clients Screened and Tested for HIV  (Rat) - OPD,2025-10-10,an Ifitedunu General Hospital
Ha1Uxfwnmwq,8,GF_Number of Clients Screened and Tested for HIV  (Rat) - OPD,2025-10-10,an Rock Foundation Hospital
qtDvX43LURH,2,GF_Number of Individuals Who Received HIV Testing Services (Hts) And Received Their Test Results - CT,2025-10-01,an Akwaeze Community Reproductive Referral Health Centre
Sya1xqHhCCO,6,GF_Number of Clients Screened and Tested for HIV  (Rat) - OPD,2025-10-07,an Our Lady of Lourdes Hospital
JnK78IWxALr,3,GF_Number of Clients Screened and Tested for HIV  (Rat) - OPD,2025-10-07,"an Nworah Hilltop Hospital & Maternity, Ugwu Tank, Amawbia"
ZSSbDRTZ6CX,2,GF_Number of Pregnant Women Who Received HIV Testing Services (Hts) And Received Their Test Results - ANC,2025-10-08,an St. Patricks Hospital and Maternity
OKPZ7SmaYwP,1,GF_Number of People Tested HIV Positive & Received Results - CT,2025-10-08,an Immaculate Heart Hospital (Nkpor)
JnK78IWxALr,3,GF_Number of Clients Screened and Tested for HIV  (Rat) - OPD,2025-10-09,"an Nworah Hilltop Hospital & Maternity, Ugwu Tank, Amawbia"
Sya1xqHhCCO,3,GF_Number of Clients Screened and Tested for HIV  (Rat) - OPD,2025-10-02,an Our Lady of Lourdes Hospital
OoBxXYn1eoy,28,GF_Number of Clients Screened and Tested for HIV  (Rat) - OPD,2025-10-07,an Nnamdi Azikiwe University Teaching Hospital
Sya1xqHhCCO,25,GF_Number of AGYW counseled tested and received result- Community,2025-10-08,an Our Lady of Lourdes Hospital
xdRG6eDxhaR,1,GF_Number of Clients Screened and Tested for HIV  (Rat) - OPD,2025-10-08,an Chidubem Hospital and Maternity Okpuno Awka
pxYOOPUXmtt,5,GF_Number of Individuals Who Received HIV Testing Services (HTS) and Received Their Test Results - Other PITC,2025-10-10,an Obosi St Martin's Hospital
bVDmQU3reY0,2,GF_Number of Pregnant Women Who Received HIV Testing Services (Hts) And Received Their Test Results - ANC,2025-10-10,an Patricia Memorial Hospital and Maternity Aka baby
FfgZ5ufqf7n,9,GF_Number of Clients Screened and Tested for HIV  (Rat) - OPD,2025-10-02,an Ebenesi Nnobi Primary Health Centre
Sya1xqHhCCO,5,GF_Number of Clients Screened and Tested for HIV  (Rat) - OPD,2025-10-10,an Our Lady of Lourdes Hospital
S3jUrQJhdKZ,3,GF_Number of Pregnant Women Who Received HIV Testing Services (Hts) And Received Their Test Results - ANC,2025-10-10,an Ogechukwu Maternity
OoBxXYn1eoy,44,GF_Number of Clients Screened and Tested for HIV  (Rat) - OPD,2025-10-09,an Nnamdi Azikiwe University Teaching Hospital
Sya1xqHhCCO,8,GF_Number of AGYW counseled tested and received result- Community,2025-10-02,an Our Lady of Lourdes Hospital
FfgZ5ufqf7n,9,GF_Number of Clients Screened and Tested for HIV  (Rat) - OPD,2025-10-01,an Ebenesi Nnobi Primary Health Centre
xdRG6eDxhaR,2,GF_Number of Clients Screened and Tested for HIV  (Rat) - OPD,2025-10-02,an Chidubem Hospital and Maternity Okpuno Awka
OoBxXYn1eoy,10,GF_Number of Individuals Who Received HIV Testing Services (HTS) And Received Their Test Results - In-Patient,2025-10-10,an Nnamdi Azikiwe University Teaching Hospital
I6Xcx9875kJ,1,GF_Number of Pregnant Women Who Received HIV Testing Services (Hts) And Received Their Test Results - ANC,2025-10-03,an Ifite Primary Health Centre
JnK78IWxALr,2,GF_Number of Clients Screened and Tested for HIV  (Rat) - OPD,2025-10-01,"an Nworah Hilltop Hospital & Maternity, Ugwu Tank, Amawbia"
msr1TOXqZKf,18,GF_Number of Clients Screened and Tested for HIV  (Rat) - OPD,2025-10-07,an St Charles Borromeo Hospital
xdRG6eDxhaR,2,GF_Number of Clients Screened and Tested for HIV  (Rat) - OPD,2025-10-07,an Chidubem Hospital and Maternity Okpuno Awka
msr1TOXqZKf,21,GF_Number of Clients Screened and Tested for HIV  (Rat) - OPD,2025-10-08,an St Charles Borromeo Hospital
fzYRxCwtQf2,11,GF_Number of Clients Screened and Tested for HIV  (Rat) - OPD,2025-10-10,an Akamili Primary Health Clinic
P9qUQA6KmAs,1,GF_Number of People Tested HIV Positive & Received Results - CT,2025-10-03,an Holy Rosary Hospital
Ha1Uxfwnmwq,17,GF_Number of Clients Screened and Tested for HIV  (Rat) - OPD,2025-10-07,an Rock Foundation Hospital
rXXrT05BUkb,5,GF_Number of Clients Screened and Tested for HIV  (Rat) - OPD,2025-10-10,an Igbuala H/Post Ifitedunu 2
NyZ328hbUiP,1,GF_Number of Pregnant Women Who Received HIV Testing Services (Hts) And Received Their Test Results - ANC,2025-10-09,an Beke Memorial Hospital Nimo
Jzpyxz1Cydy,5,GF_Number of Pregnant Women Who Received HIV Testing Services (Hts) And Received Their Test Results - L&D,2025-10-03,an Obinwane Hospital and Maternity
HZV6vjUIOuO,2,GF_Number of Clients Screened and Tested for HIV  (Rat) - OPD,2025-10-03,an Ihembosi Referral Health Centre
QppIbUI9E92,9,GF_Number of Clients Screened and Tested for HIV  (Rat) - OPD,2025-10-10,an Ozala Isuofia Primary Health Centre
OxGTCa7PYrK,21,GF_Number of Clients Screened and Tested for HIV  (Rat) - OPD,2025-10-09,an Ekwulobia General Hospital
zhMuFPbxUZS,1,GF_Number of Pregnant Women Who Received HIV Testing Services (Hts) And Received Their Test Results - ANC,2025-10-10,an Dike Medical Centre
PeMBbhCoe0d,2,GF_Number of Clients Screened and Tested for HIV  (Rat) - OPD,2025-10-02,an Umunze General Hospital
BkHB5iIj0jE,2,GF_Number of People Tested HIV Positive & Received Results - CT,2025-10-10,an Eziaguluotu Primary Health Centre
QqXS3kwHLkP,2,GF_Number of Clients Screened and Tested for HIV  (Rat) - OPD,2025-10-09,an Ifite Awkuzu Primary Health Centre
Df8G53YKehw,4,GF_Number of Clients Screened and Tested for HIV  (Rat) - OPD,2025-10-01,an Akili Ozizor Primary Health Centre
wM3b4l8Oesq,2,GF_Number of Individuals Who Received HIV Testing Services (Hts) And Received Their Test Results - TB,2025-10-02,an Onitsha General Hospital
AKfQkUjVHEK,8,GF_Number of Pregnant Women Who Received HIV Testing Services (Hts) And Received Their Test Results - ANC,2025-10-03,an St. John Anglican Primary Health Centre
we90AXVrhUv,1,GF_Number of Clients tested HIV Positive (From Rat) - OPD,2025-10-08,an Umueri General Hospital
lJi4pRQnIsT,9,GF_Number of Clients Screened and Tested for HIV  (Rat) - OPD,2025-10-03,an St Anthony Maternity Hospital
msr1TOXqZKf,1,GF_Number of People Tested HIV Positive & Received Results - ANC,2025-10-03,an St Charles Borromeo Hospital
OKPZ7SmaYwP,8,GF_Number of Individuals Who Received HIV Testing Services (Hts) And Received Their Test Results - CT,2025-10-07,an Immaculate Heart Hospital (Nkpor)
uYnfVI0bkyf,5,GF_Number of Individuals Who Received HIV Testing Services (HTS) And Received Their Test Results - Blood Bank,2025-10-07,an Nkpor Crown Hospital and Maternity
pxYOOPUXmtt,6,GF_Number of Individuals Who Received HIV Testing Services (Hts) And Received Their Test Results - CT,2025-10-09,an Obosi St Martin's Hospital
QpDemAvM3Tf,5,GF_Number of Pregnant Women Who Received HIV Testing Services (Hts) And Received Their Test Results - ANC,2025-10-03,an Iyiora Primary Health Centre
fWFqufPpvlx,19,GF_Number of Clients Screened and Tested for HIV  (Rat) - OPD,2025-10-03,an Abubo Primary Health Centre
IA64rosyhK1,1,GF_Number of People Tested HIV Positive & Received Results - Other PITC,2025-10-02,an Enugu Ukwu General Hospital
uYnfVI0bkyf,2,GF_Number of Individuals Who Received HIV Testing Services (HTS) And Received Their Test Results - Blood Bank,2025-10-01,an Nkpor Crown Hospital and Maternity
sjeTS3oSial,1,GF_Number of Pregnant Women Who Received HIV Testing Services (Hts) And Received Their Test Results - ANC,2025-10-10,an Eziani Ihiala Primary Health Centre
vCsPrXuITbJ,20,GF_Number of AGYW counseled tested and received result- Community,2025-10-06,an Osamala Primary Health Center
xBnEEDeCGdx,1,GF_Number of Clients Screened and Tested for HIV  (Rat) - OPD,2025-10-01,an Okpoko 1 Primary Health Center
k4Nw4uCT97V,1,GF_Number of Clients Screened and Tested for HIV  (Rat) - OPD,2025-10-08,an Umunya Comprehensive Health Centre
MsWUEiTxyht,5,GF_Number of Clients Screened and Tested for HIV  (Rat) - OPD,2025-10-02,an Ogbunike Primary Health Centre
lOzN4yw4pSh,5,GF_Number of Individuals Who Received HIV Testing Services (Hts) And Received Their Test Results - CT,2025-10-06,an Madueke Memorial Hospital and Maternity
uk9tTbaNcYv,5,GF_Number of Clients Screened and Tested for HIV  (Rat) - OPD,2025-10-02,an Abagana Health Centre
MUumX5cjk9g,2,GF_Number of Pregnant Women Who Received HIV Testing Services (Hts) And Received Their Test Results - ANC,2025-10-02,an Umunze Immaculate Heart Hospital
p7CKerD8kRp,10,GF_Number of People Tested HIV Positive & Received Results - CT,2025-10-02,an Oba Comprehensive Health Centre (Trauma Centre)
bVDmQU3reY0,6,GF_Number of Pregnant Women Who Received HIV Testing Services (Hts) And Received Their Test Results - ANC,2025-10-06,an Patricia Memorial Hospital and Maternity Aka baby
QqXS3kwHLkP,1,GF_Number of Clients Screened and Tested for HIV  (Rat) - OPD,2025-10-07,an Ifite Awkuzu Primary Health Centre
msr1TOXqZKf,8,GF_Number of Individuals Who Received HIV Testing Services (HTS) And Received Their Test Results - Blood Bank,2025-10-02,an St Charles Borromeo Hospital
EoeDzJ1FUKN,2,GF_Number of Pregnant Women Who Received HIV Testing Services (Hts) And Received Their Test Results - ANC,2025-10-10,an Obodootu Primary Health Centre
pxYOOPUXmtt,3,GF_Number of Individuals Who Received HIV Testing Services (Hts) And Received Their Test Results - CT,2025-10-01,an Obosi St Martin's Hospital
BkHB5iIj0jE,80,GF_Number of Individuals Who Received HIV Testing Services (Hts) And Received Their Test Results - CT,2025-10-09,an Eziaguluotu Primary Health Centre
IA64rosyhK1,1,GF_Number of People Tested HIV Positive & Received Results - Other PITC,2025-10-08,an Enugu Ukwu General Hospital
Kzd0JboiGEE,2,GF_Number of Pregnant Women Who Received HIV Testing Services (Hts) And Received Their Test Results - ANC,2025-10-10,an Okpoko 5 Primary Health Centre
ElMyEZ6ECq9,2,GF_Number of Pregnant Women Who Received HIV Testing Services (Hts) And Received Their Test Results - ANC,2025-10-01,an Madonna Hospital Awka
beBpDqUQJMn,3,GF_Number of Pregnant Women Who Received HIV Testing Services (Hts) And Received Their Test Results - ANC,2025-10-10,an Chidiebere Maternity
Z58LnooMrl1,8,GF_Number of Clients Screened and Tested for HIV  (Rat) - OPD,2025-10-02,an Nnobi General Hospital
Sya1xqHhCCO,1,GF_Number of AGYW tested HIV positive and received result- Community,2025-10-03,an Our Lady of Lourdes Hospital
H2vA8qHohf5,4,GF_Number of Clients Screened and Tested for HIV  (Rat) - OPD,2025-10-10,an Ogbunka Primary Health Centre
jEvQxNUAX4X,14,GF_Number of Individuals Who Received HIV Testing Services (Hts) And Received Their Test Results - CT,2025-10-08,"an Rise Clinic, Adazi Ani"
BXOxuU6KIk2,10,GF_Number of Clients Screened and Tested for HIV  (Rat) - OPD,2025-10-01,"an St. Joseph Hospital and Maternity, Ifite Ogwari"
MUq9oPoC0hr,12,GF_Number of Individuals Who Received HIV Testing Services (HTS) and Received Their Test Results - Other PITC,2025-10-08,an Ukpo Comprehensive Health Centre
V3MCCguBan8,16,GF_Number of Clients Screened and Tested for HIV  (Rat) - OPD,2025-10-03,an Ezira Primary Health Centre
q9iZUe3cVCu,6,GF_Number of Clients Screened and Tested for HIV  (Rat) - OPD,2025-10-08,an Orafite General Hospital
MsWUEiTxyht,6,GF_Number of Clients Screened and Tested for HIV  (Rat) - OPD,2025-10-08,an Ogbunike Primary Health Centre
yjxtvOYtp5A,24,GF_Number of Individuals Who Received HIV Testing Services (Hts) And Received Their Test Results - CT,2025-10-03,an Ukpor General Hospital
MUq9oPoC0hr,3,GF_Number of Individuals Who Received HIV Testing Services (HTS) and Received Their Test Results - Other PITC,2025-10-02,an Ukpo Comprehensive Health Centre
BkHB5iIj0jE,115,GF_Number of Individuals Who Received HIV Testing Services (Hts) And Received Their Test Results - CT,2025-10-01,an Eziaguluotu Primary Health Centre
P9qUQA6KmAs,7,GF_Number of Pregnant Women Who Received HIV Testing Services (Hts) And Received Their Test Results - ANC,2025-10-02,an Holy Rosary Hospital
ABifpivVY4F,3,GF_Number of Individuals Who Received HIV Testing Services (Hts) And Received Their Test Results - CT,2025-10-04,an Nsukwu Primary Health Centre
OKPZ7SmaYwP,2,GF_Number of Pregnant Women Who Received HIV Testing Services (Hts) And Received Their Test Results - ANC,2025-10-10,an Immaculate Heart Hospital (Nkpor)
qs0jtVhDtUn,3,GF_Number of Clients Screened and Tested for HIV  (Rat) - OPD,2025-10-03,an Our Lady's of Fatima Woliwo Health Post
OoBxXYn1eoy,41,GF_Number of Individuals Who Received HIV Testing Services (HTS) And Received Their Test Results - In-Patient,2025-10-07,an Nnamdi Azikiwe University Teaching Hospital
JnK78IWxALr,2,GF_Number of Clients Screened and Tested for HIV  (Rat) - OPD,2025-10-10,"an Nworah Hilltop Hospital & Maternity, Ugwu Tank, Amawbia"
IX2qlVptNql,73,GF_Number of AGYW counseled tested and received result- Community,2025-10-08,an Onitsha Pieta Hospital
BXOxuU6KIk2,8,GF_Number of Clients Screened and Tested for HIV  (Rat) - OPD,2025-10-09,"an St. Joseph Hospital and Maternity, Ifite Ogwari"
IA64rosyhK1,2,GF_Number of Individuals Who Received HIV Testing Services (HTS) and Received Their Test Results - Other PITC,2025-10-02,an Enugu Ukwu General Hospital
mQpnj5bT6HS,1,GF_Number of Pregnant Women Who Received HIV Testing Services (Hts) And Received Their Test Results - ANC,2025-10-03,an Christ Church Primary Health Center
IX2qlVptNql,12,GF_Number of AGYW counseled tested and received result- Community,2025-10-02,an Onitsha Pieta Hospital
OoBxXYn1eoy,42,GF_Number of Clients Screened and Tested for HIV  (Rat) - OPD,2025-10-10,an Nnamdi Azikiwe University Teaching Hospital
k4Nw4uCT97V,50,GF_Number of AGYW counseled tested and received result- Community,2025-10-09,an Umunya Comprehensive Health Centre
kDbYzGivY5E,4,GF_Number of Clients Screened and Tested for HIV  (Rat) - OPD,2025-10-10,an St Barnabas Health Post
TNwOSX6UfCW,4,GF_Number of Pregnant Women Who Received HIV Testing Services (Hts) And Received Their Test Results - ANC,2025-10-10,an Umudeze Primary Health Centre
Vli5C2SFWrh,1,GF_Number of Pregnant Women Who Received HIV Testing Services (Hts) And Received Their Test Results - ANC,2025-10-03,an Omor PrimaryHealth Centre
IA64rosyhK1,10,GF_Number of Individuals Who Received HIV Testing Services (Hts) And Received Their Test Results - CT,2025-10-07,an Enugu Ukwu General Hospital
HgxxN5GZv8Y,1,GF_Number of People Tested HIV Positive & Received Results - Blood Bank,2025-10-10,"an Rex Inversorium Hospital, Mmiata (Referral Health center Oroma-Etiti)"
xallQX8HUeS,4,GF_Number of Pregnant Women Who Received HIV Testing Services (Hts) And Received Their Test Results - ANC,2025-10-08,an Maranatha Caring Mission Hospital
lJi4pRQnIsT,1,GF_Number of People Tested HIV Positive & Received Results - ANC,2025-10-10,an St Anthony Maternity Hospital
dIgVADaXOoP,65,GF_Number of AGYW counseled tested and received result- Community,2025-10-08,an Nnewi Diocesan Hospital
QS61X8Xc1Tg,1,GF_Number of Pregnant Women Who Received HIV Testing Services (Hts) And Received Their Test Results - ANC,2025-10-02,an His Grace Maternity
wM3b4l8Oesq,4,GF_Number of Pregnant Women Who Received HIV Testing Services (Hts) And Received Their Test Results - ANC,2025-10-08,an Onitsha General Hospital
dBES5aQviuh,4,GF_Number of KPs tested HIV positive and received result,2025-10-07,"an Anambra State One Stop Shop (OSS) Site, Awka"
ulyCfZ5PUNZ,1,GF_Number of Clients Screened and Tested for HIV  (Rat) - OPD,2025-10-09,an Achalla Primary Health Centre
HqwDi1gXzB7,1,GF_Number of Individuals Who Received HIV Testing Services (Hts) And Received Their Test Results - CT,2025-10-02,an Awba Offemmili Primary Health Centre
MsWUEiTxyht,2,GF_Number of Pregnant Women Who Received HIV Testing Services (Hts) And Received Their Test Results - ANC,2025-10-06,an Ogbunike Primary Health Centre
OoBxXYn1eoy,6,GF_Number of Individuals Who Received HIV Testing Services (HTS) And Received Their Test Results - Blood Bank,2025-10-09,an Nnamdi Azikiwe University Teaching Hospital
cHTHLQECBHb,1,GF_Number of Clients tested HIV Positive (From Rat) - OPD,2025-10-03,an Enugwu Aguleri Primary Health Center
NzwdCUPjLKM,3,GF_Number of Clients Screened and Tested for HIV  (Rat) - OPD,2025-10-02,an Trinitas International Hospital Umuchukwu
zhMuFPbxUZS,1,GF_Number of Clients Screened and Tested for HIV  (Rat) - OPD,2025-10-03,an Dike Medical Centre
Df8G53YKehw,1,GF_Number of Pregnant Women Who Received HIV Testing Services (Hts) And Received Their Test Results - ANC,2025-10-10,an Akili Ozizor Primary Health Centre
zhMuFPbxUZS,1,GF_Number of Clients Screened and Tested for HIV  (Rat) - OPD,2025-10-06,an Dike Medical Centre
ElMyEZ6ECq9,1,GF_Number of Clients Screened and Tested for HIV  (Rat) - OPD,2025-10-08,an Madonna Hospital Awka
x8kegIarjSt,3,GF_Number of Individuals Who Received HIV Testing Services (Hts) And Received Their Test Results - CT,2025-10-08,an Amansea Health Post
Qj5adNgRgcZ,4,GF_Number of Pregnant Women Who Received HIV Testing Services (Hts) And Received Their Test Results - ANC,2025-10-10,an Akwa Primary Health Centre
q9iZUe3cVCu,20,GF_Number of AGYW counseled tested and received result- Community,2025-10-08,an Orafite General Hospital
dBES5aQviuh,1,GF_Number of KPs tested HIV positive and received result,2025-10-02,"an Anambra State One Stop Shop (OSS) Site, Awka"
glt0a9JC4VC,6,GF_Number of Individuals Who Received HIV Testing Services (Hts) And Received Their Test Results - CT,2025-10-07,an Achalla Maternal and Child Health Care Centre
P9qUQA6KmAs,13,GF_Number of Individuals Who Received HIV Testing Services (HTS) And Received Their Test Results - In-Patient,2025-10-02,an Holy Rosary Hospital
E22605q44Z6,5,GF_Number of Pregnant Women Who Received HIV Testing Services (Hts) And Received Their Test Results - ANC,2025-10-03,an Atani Primary Health Centre
ySBhaLN97hO,2,GF_Number of Pregnant Women Who Received HIV Testing Services (Hts) And Received Their Test Results - ANC,2025-10-06,an St. Raphael Hospital Nkwelle Ezunaka
d6ugp5puEZ2,1,GF_Number of Pregnant Women Who Received HIV Testing Services (Hts) And Received Their Test Results - ANC,2025-10-07,an Nteje Primary Health Centre
p7CKerD8kRp,11,GF_Number of Individuals Who Received HIV Testing Services (Hts) And Received Their Test Results - CT,2025-10-03,an Oba Comprehensive Health Centre (Trauma Centre)
q9iZUe3cVCu,20,GF_Number of AGYW counseled tested and received result- Community,2025-10-03,an Orafite General Hospital
p7CKerD8kRp,10,GF_Number of Individuals Who Received HIV Testing Services (Hts) And Received Their Test Results - CT,2025-10-06,an Oba Comprehensive Health Centre (Trauma Centre)
s4ZDSr4IBSr,1,GF_Number of Pregnant Women Who Received HIV Testing Services (Hts) And Received Their Test Results - ANC,2025-10-02,an St. Marks Primary Health Centre
ySBhaLN97hO,2,GF_Number of Pregnant Women Who Received HIV Testing Services (Hts) And Received Their Test Results - ANC,2025-10-09,an St. Raphael Hospital Nkwelle Ezunaka
MUq9oPoC0hr,4,GF_Number of Clients Screened and Tested for HIV  (Rat) - OPD,2025-10-09,an Ukpo Comprehensive Health Centre
OKPZ7SmaYwP,1,GF_Number of People Tested HIV Positive & Received Results - Other PITC,2025-10-03,an Immaculate Heart Hospital (Nkpor)
Cj3rwgMDm7q,100,GF_Number of Individuals Who Received HIV Testing Services (Hts) And Received Their Test Results - CT,2025-10-08,an Umuawah Health Post
sSb0uyx1KGX,3,GF_Number of Pregnant Women Who Received HIV Testing Services (Hts) And Received Their Test Results - ANC,2025-10-03,an Umudim Primary Health Centre
afVyYoFxrMX,1,GF_Number of Pregnant Women Who Received HIV Testing Services (Hts) And Received Their Test Results - ANC,2025-10-10,an Achalla Health Post
OKPZ7SmaYwP,2,GF_Number of Pregnant Women Who Received HIV Testing Services (Hts) And Received Their Test Results - ANC,2025-10-07,an Immaculate Heart Hospital (Nkpor)
OoBxXYn1eoy,1,GF_Number of Clients tested HIV Positive (From Rat) - OPD,2025-10-08,an Nnamdi Azikiwe University Teaching Hospital
xdRG6eDxhaR,1,GF_Number of Clients tested HIV Positive (From Rat) - OPD,2025-10-09,an Chidubem Hospital and Maternity Okpuno Awka
NzwdCUPjLKM,6,GF_Number of Clients Screened and Tested for HIV  (Rat) - OPD,2025-10-07,an Trinitas International Hospital Umuchukwu
B5PbcJXLP9z,7,GF_Number of Clients Screened and Tested for HIV  (Rat) - OPD,2025-10-10,an Lilu Primary Health Centre
Cj3rwgMDm7q,1,GF_Number of People Tested HIV Positive & Received Results - CT,2025-10-09,an Umuawah Health Post
glt0a9JC4VC,6,GF_Number of Individuals Who Received HIV Testing Services (Hts) And Received Their Test Results - CT,2025-10-02,an Achalla Maternal and Child Health Care Centre
IEKVnEePZLN,2,GF_Number of Pregnant Women Who Received HIV Testing Services (Hts) And Received Their Test Results - ANC,2025-10-01,an Iyi-Enu Hospital
MUq9oPoC0hr,2,GF_Number of Pregnant Women Who Received HIV Testing Services (Hts) And Received Their Test Results - ANC,2025-10-02,an Ukpo Comprehensive Health Centre
IEKVnEePZLN,8,GF_Number of Pregnant Women Who Received HIV Testing Services (Hts) And Received Their Test Results - ANC,2025-10-09,an Iyi-Enu Hospital
VW6oZN1jKMg,10,GF_Number of AGYW counseled tested and received result- Community,2025-10-01,an Lancet Hospital LTD
OKPZ7SmaYwP,11,GF_Number of Pregnant Women Who Received HIV Testing Services (Hts) And Received Their Test Results - ANC,2025-10-02,an Immaculate Heart Hospital (Nkpor)
wM3b4l8Oesq,2,GF_Number of Pregnant Women Who Received HIV Testing Services (Hts) And Received Their Test Results - ANC,2025-10-03,an Onitsha General Hospital
glt0a9JC4VC,2,GF_Number of Pregnant Women Who Received HIV Testing Services (Hts) And Received Their Test Results - ANC,2025-10-10,an Achalla Maternal and Child Health Care Centre
yox6XBHvvUs,4,GF_Number of Clients Screened and Tested for HIV  (Rat) - OPD,2025-10-03,an Kanayo Specialist Hospital and Maternity
tj7gQs8DwoM,4,GF_Number of Clients Screened and Tested for HIV  (Rat) - OPD,2025-10-03,an Ihite Primary Health Center
iRAmuxfCqmA,46,GF_Number of Clients Screened and Tested for HIV  (Rat) - OPD,2025-10-03,an Alor Primary Health Centre
yox6XBHvvUs,4,GF_Number of Clients Screened and Tested for HIV  (Rat) - OPD,2025-10-06,an Kanayo Specialist Hospital and Maternity
P9qUQA6KmAs,2,GF_Number of Individuals Who Received HIV Testing Services (Hts) And Received Their Test Results - CT,2025-10-08,an Holy Rosary Hospital
d6ugp5puEZ2,3,GF_Number of Clients Screened and Tested for HIV  (Rat) - OPD,2025-10-09,an Nteje Primary Health Centre
OKPZ7SmaYwP,6,GF_Number of Individuals Who Received HIV Testing Services (Hts) And Received Their Test Results - CT,2025-10-02,an Immaculate Heart Hospital (Nkpor)
OKPZ7SmaYwP,3,GF_Number of Individuals Who Received HIV Testing Services (HTS) And Received Their Test Results - Blood Bank,2025-10-06,an Immaculate Heart Hospital (Nkpor)
bVDmQU3reY0,7,GF_Number of Pregnant Women Who Received HIV Testing Services (Hts) And Received Their Test Results - ANC,2025-10-01,an Patricia Memorial Hospital and Maternity Aka baby
uYnfVI0bkyf,8,GF_Number of Individuals Who Received HIV Testing Services (Hts) And Received Their Test Results - CT,2025-10-08,an Nkpor Crown Hospital and Maternity
MUq9oPoC0hr,1,GF_Number of People Tested HIV Positive & Received Results - Blood Bank,2025-10-09,an Ukpo Comprehensive Health Centre
xknfQ0UuSCR,9,GF_Number of Clients Screened and Tested for HIV  (Rat) - OPD,2025-10-10,an Umuchu Visitation Hospital
P9qUQA6KmAs,2,GF_Number of Clients tested HIV Positive (From Rat) - OPD,2025-10-03,an Holy Rosary Hospital
p7CKerD8kRp,25,GF_Number of AGYW counseled tested and received result- Community,2025-10-08,an Oba Comprehensive Health Centre (Trauma Centre)
dBES5aQviuh,89,GF_Number of KPs counseled tested and received result,2025-10-01,"an Anambra State One Stop Shop (OSS) Site, Awka"
P9qUQA6KmAs,2,GF_Number of Clients Screened and Tested for HIV  (Rat) - OPD,2025-10-07,an Holy Rosary Hospital
msr1TOXqZKf,3,GF_Number of Pregnant Women Who Received HIV Testing Services (Hts) And Received Their Test Results - ANC,2025-10-03,an St Charles Borromeo Hospital
pxYOOPUXmtt,7,GF_Number of Individuals Who Received HIV Testing Services (Hts) And Received Their Test Results - CT,2025-10-06,an Obosi St Martin's Hospital
lOzN4yw4pSh,6,GF_Number of Individuals Who Received HIV Testing Services (Hts) And Received Their Test Results - CT,2025-10-09,an Madueke Memorial Hospital and Maternity
QqXS3kwHLkP,1,GF_Number of Clients Screened and Tested for HIV  (Rat) - OPD,2025-10-10,an Ifite Awkuzu Primary Health Centre
bVDmQU3reY0,1,GF_Number of Pregnant Women Who Received HIV Testing Services (Hts) And Received Their Test Results - ANC,2025-10-09,an Patricia Memorial Hospital and Maternity Aka baby
V3MCCguBan8,3,GF_Number of Pregnant Women Who Received HIV Testing Services (Hts) And Received Their Test Results - ANC,2025-10-10,an Ezira Primary Health Centre
Cj3rwgMDm7q,4,GF_Number of Pregnant Women Who Received HIV Testing Services (Hts) And Received Their Test Results - ANC,2025-10-08,an Umuawah Health Post
DasDyIPK8jQ,2,GF_Number of Pregnant Women Who Received HIV Testing Services (Hts) And Received Their Test Results - ANC,2025-10-10,an Umuezeanam 2 Primary Health Centre
S3gtlMZ4sYV,2,GF_Number of Pregnant Women Who Received HIV Testing Services (Hts) And Received Their Test Results - ANC,2025-10-10,an Eziama Primary Health Centre
HgxxN5GZv8Y,50,GF_Number of AGYW counseled tested and received result- Community,2025-10-10,"an Rex Inversorium Hospital, Mmiata (Referral Health center Oroma-Etiti)"
lOzN4yw4pSh,4,GF_Number of Individuals Who Received HIV Testing Services (Hts) And Received Their Test Results - CT,2025-10-01,an Madueke Memorial Hospital and Maternity
msr1TOXqZKf,7,GF_Number of Individuals Who Received HIV Testing Services (HTS) And Received Their Test Results - Blood Bank,2025-10-07,an St Charles Borromeo Hospital
J1dgQz1R68m,11,GF_Number of Clients Screened and Tested for HIV  (Rat) - OPD,2025-10-10,an Edoji Primary Health Centre
pxYOOPUXmtt,5,GF_Number of Pregnant Women Who Received HIV Testing Services (Hts) And Received Their Test Results - ANC,2025-10-03,an Obosi St Martin's Hospital
JOocbzN2dq7,5,GF_Number of Clients Screened and Tested for HIV  (Rat) - OPD,2025-10-10,an Umuokpu Primary Health Centre
k4Nw4uCT97V,7,GF_Number of Individuals Who Received HIV Testing Services (HTS) and Received Their Test Results - Other PITC,2025-10-07,an Umunya Comprehensive Health Centre
P9qUQA6KmAs,2,GF_Number of Clients Screened and Tested for HIV  (Rat) - OPD,2025-10-10,an Holy Rosary Hospital
P9qUQA6KmAs,5,GF_Number of Individuals Who Received HIV Testing Services (HTS) And Received Their Test Results - Blood Bank,2025-10-09,an Holy Rosary Hospital
glt0a9JC4VC,1,GF_Number of Pregnant Women Who Received HIV Testing Services (Hts) And Received Their Test Results - ANC,2025-10-07,an Achalla Maternal and Child Health Care Centre
IA64rosyhK1,7,GF_Number of Clients Screened and Tested for HIV  (Rat) - OPD,2025-10-03,an Enugu Ukwu General Hospital
zGZjhpdrOde,6,GF_Number of Clients Screened and Tested for HIV  (Rat) - OPD,2025-10-10,an Emmanuel Church Primary Health Centre
dkIkLMCU3KL,5,GF_Number of Pregnant Women Who Received HIV Testing Services (Hts) And Received Their Test Results - ANC,2025-10-10,an Gozie Specialist Hospital
msr1TOXqZKf,6,GF_Number of Individuals Who Received HIV Testing Services (HTS) And Received Their Test Results - Accident And Emergency,2025-10-03,an St Charles Borromeo Hospital
Q1KhLwiGA2M,5,GF_Number of Clients Screened and Tested for HIV  (Rat) - OPD,2025-10-10,an Ezinifite Primary Health Centre
yjxtvOYtp5A,20,GF_Number of Individuals Who Received HIV Testing Services (Hts) And Received Their Test Results - CT,2025-10-08,an Ukpor General Hospital
SaEp4uCoKLh,5,GF_Number of Pregnant Women Who Received HIV Testing Services (Hts) And Received Their Test Results - ANC,2025-10-10,an Okika Maternity
OKPZ7SmaYwP,43,GF_Number of AGYW counseled tested and received result- Community,2025-10-10,an Immaculate Heart Hospital (Nkpor)
hkgcJhWm5cK,1,GF_Number of Clients Screened and Tested for HIV  (Rat) - OPD,2025-10-02,an Accucare Foundation Hospital
Z58LnooMrl1,2,GF_Number of Clients Screened and Tested for HIV  (Rat) - OPD,2025-10-07,an Nnobi General Hospital
IX2qlVptNql,14,GF_Number of Pregnant Women Who Received HIV Testing Services (Hts) And Received Their Test Results - ANC,2025-10-08,an Onitsha Pieta Hospital
k4Nw4uCT97V,1,GF_Number of Individuals Who Received HIV Testing Services (HTS) and Received Their Test Results - Other PITC,2025-10-10,an Umunya Comprehensive Health Centre
IA64rosyhK1,5,GF_Number of Individuals Who Received HIV Testing Services (HTS) and Received Their Test Results - Other PITC,2025-10-07,an Enugu Ukwu General Hospital
HgxxN5GZv8Y,28,GF_Number of AGYW counseled tested and received result- Community,2025-10-07,"an Rex Inversorium Hospital, Mmiata (Referral Health center Oroma-Etiti)"
fiItxaKbEDp,3,GF_Number of Pregnant Women Who Received HIV Testing Services (Hts) And Received Their Test Results - ANC,2025-10-03,an Umunankwo Primary Health Centre Ogbaru
lo2x8EF5rhM,6,GF_Number of Clients Screened and Tested for HIV  (Rat) - OPD,2025-10-10,an Umuonuora Primary Health Centre
sjeTS3oSial,3,GF_Number of Pregnant Women Who Received HIV Testing Services (Hts) And Received Their Test Results - ANC,2025-10-02,an Eziani Ihiala Primary Health Centre
ZSSbDRTZ6CX,2,GF_Number of Clients Screened and Tested for HIV  (Rat) - OPD,2025-10-07,an St. Patricks Hospital and Maternity
MUumX5cjk9g,60,GF_Number of Clients Screened and Tested for HIV  (Rat) - OPD,2025-10-10,an Umunze Immaculate Heart Hospital
eJfBtjef8cQ,5,GF_Number of Clients Screened and Tested for HIV  (Rat) - OPD,2025-10-02,an Basic Health Centre Onitsha
BXOxuU6KIk2,10,GF_Number of Clients Screened and Tested for HIV  (Rat) - OPD,2025-10-06,"an St. Joseph Hospital and Maternity, Ifite Ogwari"
we90AXVrhUv,4,GF_Number of Clients Screened and Tested for HIV  (Rat) - OPD,2025-10-07,an Umueri General Hospital
P9qUQA6KmAs,3,GF_Number of Individuals Who Received HIV Testing Services (HTS) And Received Their Test Results - Blood Bank,2025-10-01,an Holy Rosary Hospital
YDYCfFc8ndK,2,GF_Number of Pregnant Women Who Received HIV Testing Services (Hts) And Received Their Test Results - ANC,2025-10-09,an Pater Noster Hospital Awka
iJYDbdwuZg8,1,GF_Number of Clients Screened and Tested for HIV  (Rat) - OPD,2025-10-10,an Prisons Marine Health Post
OxGTCa7PYrK,1,GF_Number of Clients tested HIV Positive (From Rat) - OPD,2025-10-08,an Ekwulobia General Hospital
dBES5aQviuh,116,GF_Number of KPs counseled tested and received result,2025-10-09,"an Anambra State One Stop Shop (OSS) Site, Awka"
MUq9oPoC0hr,10,GF_Number of Individuals Who Received HIV Testing Services (Hts) And Received Their Test Results - CT,2025-10-02,an Ukpo Comprehensive Health Centre
pxYOOPUXmtt,1,GF_Number of Individuals Who Received HIV Testing Services (HTS) and Received Their Test Results - Other PITC,2025-10-09,an Obosi St Martin's Hospital
Oua590tZ4Vd,10,GF_Number of Clients Screened and Tested for HIV  (Rat) - OPD,2025-10-10,an Okija Central Primary Health Centre
